img_id,rx1,ry1,rx2,ry2,scale,x_6,y_6,vis_6,x_7,y_7,vis_7,x_8,y_8,vis_8,x_9,y_9,vis_9,x_0,y_0,vis_0,x_1,y_1,vis_1,x_2,y_2,vis_2,x_3,y_3,vis_3,x_4,y_4,vis_4,x_5,y_5,vis_5,x_10,y_10,vis_10,x_11,y_11,vis_11,x_12,y_12,vis_12,x_13,y_13,vis_13,x_14,y_14,vis_14,x_15,y_15,vis_15,cat_name,act_id
4300,976,93,1088,240,4.435327270901213,1088.0,549.0,1.0,1064.0,249.0,1.0,1058.7323,235.4193,0.0,1005.2677,97.5807,0.0,1026.0,987.0,1.0,1023.0,724.0,1.0,1026.0,543.0,1.0,1149.0,554.0,1.0,1160.0,776.0,1.0,1121.0,1028.0,1.0,796.0,464.0,1.0,856.0,401.0,1.0,963.0,269.0,1.0,1165.0,228.0,1.0,1297.0,261.0,1.0,1417.0,319.0,1.0,sports,65
6477,332,93,359,131,1.1187707539974399,342.0,210.0,1.0,346.0,146.0,1.0,345.7742,130.6442,0.0,345.2258,93.3558,0.0,339.0,288.0,1.0,344.0,251.0,1.0,330.0,207.0,1.0,354.0,212.0,1.0,367.0,245.0,1.0,350.0,234.0,1.0,331.0,191.0,1.0,314.0,183.0,1.0,323.0,149.0,1.0,368.0,143.0,1.0,376.0,172.0,1.0,372.0,194.0,1.0,running,914
2312,914,18,968,92,2.1985886381949666,866.0,261.0,1.0,909.0,114.0,1.0,923.5299,87.2105,0.0,958.4701,22.7895,0.0,838.0,489.0,1.0,835.0,361.0,1.0,835.0,258.0,1.0,897.0,263.0,1.0,889.0,367.0,1.0,882.0,485.0,1.0,867.0,237.0,1.0,833.0,178.0,1.0,870.0,83.0,1.0,947.0,144.0,1.0,919.0,237.0,1.0,922.0,301.0,1.0,sports,152
5446,605,153,656,221,2.04,612.0,385.0,1.0,624.0,278.0,0.0,628.0776,220.9136,0.0,632.9224,153.0864,0.0,540.0,598.0,1.0,539.0,492.0,1.0,589.0,384.0,1.0,635.0,385.0,1.0,669.0,504.0,1.0,689.0,603.0,1.0,644.0,214.0,1.0,613.0,239.0,1.0,578.0,266.0,0.0,669.0,289.0,1.0,616.0,277.0,1.0,578.0,253.0,1.0,sports,556
8578,239,99,281,152,1.6229750460188843,261.0,263.0,1.0,268.0,166.0,1.0,265.2418,152.0368,0.0,254.7582,98.9632,0.0,191.0,407.0,1.0,220.0,337.0,1.0,238.0,263.0,1.0,284.0,263.0,1.0,301.0,341.0,1.0,329.0,402.0,1.0,229.0,220.0,1.0,221.0,200.0,1.0,229.0,167.0,1.0,306.0,165.0,1.0,298.0,220.0,1.0,250.0,234.0,1.0,sports,522
8381,594,62,685,189,3.7496879870197195,609.0,272.0,1.0,620.0,163.0,1.0,610.6679,180.9464,0.0,668.3321,70.0536,0.0,594.0,495.0,1.0,551.0,384.0,1.0,580.0,272.0,1.0,638.0,272.0,1.0,677.0,371.0,1.0,669.0,487.0,1.0,495.0,266.0,1.0,499.0,231.0,1.0,555.0,152.0,1.0,685.0,173.0,1.0,712.0,276.0,1.0,675.0,284.0,1.0,sports,493
4570,288,121,319,156,1.122112293845852,347.0,193.0,1.0,319.0,153.0,0.0,317.1574,151.2763,0.0,289.8426,125.7237,0.0,376.0,312.0,1.0,359.0,245.0,1.0,360.0,192.0,1.0,334.0,194.0,1.0,308.0,237.0,1.0,331.0,279.0,1.0,349.0,187.0,0.0,371.0,164.0,1.0,339.0,154.0,0.0,298.0,152.0,1.0,314.0,161.0,1.0,321.0,189.0,1.0,running,335
4543,648,440,694,508,1.970340072170284,699.0,671.0,1.0,676.0,525.0,1.0,674.2041,506.6823,0.0,667.7959,441.3177,0.0,696.0,930.0,1.0,736.0,818.0,1.0,725.0,663.0,1.0,672.0,679.0,1.0,701.0,800.0,1.0,712.0,906.0,0.0,780.0,537.0,1.0,769.0,555.0,1.0,723.0,515.0,1.0,628.0,535.0,1.0,586.0,564.0,1.0,608.0,559.0,0.0,sports,334
1296,1191,98,1361,270,5.804031702187713,1272.0,516.0,1.0,1259.0,301.0,1.0,1262.0907,279.7286,0.0,1289.9093,88.2714,0.0,1353.0,702.0,1.0,1344.0,628.0,1.0,1332.0,516.0,1.0,1211.0,516.0,1.0,1226.0,649.0,1.0,1232.0,776.0,1.0,1496.0,463.0,1.0,1409.0,401.0,1.0,1335.0,293.0,1.0,1183.0,308.0,1.0,1121.0,395.0,1.0,1059.0,460.0,1.0,walking,142
6096,415,0,530,119,3.9716918309455984,609.0,258.0,0.0,529.0,117.0,0.0,518.8945,106.7156,0.0,426.1055,12.2844,0.0,,,,398.0,450.0,1.0,576.0,260.0,0.0,641.0,256.0,1.0,520.0,409.0,1.0,,,,352.0,293.0,1.0,427.0,220.0,1.0,502.0,107.0,0.0,555.0,127.0,1.0,566.0,278.0,1.0,420.0,386.0,1.0,bicycling,238
1305,331,69,404,162,2.837486211420242,332.0,256.0,1.0,355.0,157.0,1.0,353.8609,160.7819,0.0,381.1391,70.2181,0.0,297.0,293.0,1.0,298.0,280.0,1.0,309.0,254.0,1.0,355.0,258.0,1.0,350.0,299.0,1.0,346.0,324.0,1.0,274.0,220.0,1.0,271.0,173.0,1.0,314.0,145.0,1.0,395.0,169.0,1.0,383.0,221.0,1.0,383.0,265.0,1.0,walking,142
2093,876,286,935,382,2.7043431734896366,1052.0,452.0,0.0,953.0,360.0,1.0,945.037,355.6413,0.0,865.963,312.3587,0.0,1059.0,703.0,0.0,1037.0,599.0,1.0,1028.0,471.0,0.0,1075.0,433.0,1.0,1073.0,552.0,1.0,1068.0,693.0,1.0,881.0,533.0,1.0,910.0,464.0,1.0,929.0,379.0,1.0,976.0,341.0,1.0,1028.0,431.0,1.0,1007.0,507.0,1.0,bicycling,454
6402,858,100,1033,379,7.904202426557661,1149.0,617.0,1.0,983.0,357.0,1.0,985.5533,365.0002,0.0,905.4467,113.9998,0.0,,,,1071.0,1003.0,1.0,1049.0,680.0,1.0,1248.0,553.0,1.0,1245.0,761.0,1.0,1387.0,1059.0,1.0,944.0,733.0,1.0,869.0,637.0,1.0,842.0,414.0,1.0,1124.0,299.0,1.0,1322.0,538.0,1.0,1335.0,718.0,1.0,bicycling,840
1077,226,227,324,333,3.464655827062769,314.0,517.0,1.0,288.0,356.0,1.0,284.7359,336.9176,0.0,265.2641,223.0824,0.0,,,,210.0,661.0,1.0,277.0,517.0,1.0,351.0,517.0,1.0,372.0,676.0,1.0,448.0,678.0,1.0,139.0,459.0,1.0,190.0,417.0,1.0,236.0,361.0,1.0,339.0,351.0,1.0,298.0,407.0,1.0,254.0,463.0,1.0,sports,110
10399,156,116,239,219,3.174720145146656,212.0,425.0,1.0,199.0,223.0,1.0,198.9295,220.3927,0.0,196.0705,114.6073,0.0,248.0,626.0,1.0,288.0,564.0,1.0,248.0,421.0,1.0,176.0,428.0,1.0,235.0,545.0,1.0,150.0,554.0,1.0,392.0,203.0,1.0,312.0,201.0,1.0,250.0,203.0,1.0,147.0,243.0,1.0,145.0,375.0,1.0,195.0,354.0,0.0,sports,736
8573,250,101,288,147,1.4319776534569244,263.0,256.0,0.0,264.0,155.0,0.0,261.0,101.0,0.0,276.0,146.0,0.0,203.0,387.0,0.0,223.0,330.0,0.0,243.0,258.0,0.0,281.0,256.0,0.0,305.0,330.0,0.0,331.0,399.0,0.0,244.0,175.0,0.0,221.0,208.0,0.0,233.0,160.0,0.0,294.0,157.0,0.0,305.0,201.0,0.0,271.0,175.0,0.0,sports,522
7439,618,42,755,219,5.371819803381345,633.0,603.0,1.0,641.0,255.0,1.0,655.7681,214.5906,0.0,717.2319,46.4094,0.0,,,,,,,553.0,601.0,1.0,712.0,605.0,1.0,,,,,,,648.0,435.0,1.0,539.0,475.0,1.0,535.0,274.0,1.0,747.0,235.0,1.0,758.0,410.0,1.0,799.0,568.0,1.0,sports,439
6545,1377,236,1452,332,2.923767432611561,1421.0,539.0,1.0,1423.0,368.0,1.0,1419.4059,332.4819,0.0,1409.5941,235.5181,0.0,1322.0,807.0,1.0,1408.0,735.0,1.0,1385.0,546.0,1.0,1457.0,532.0,1.0,1457.0,719.0,1.0,1433.0,872.0,1.0,1415.0,557.0,1.0,1381.0,474.0,1.0,1394.0,366.0,1.0,1451.0,370.0,1.0,1462.0,472.0,0.0,1518.0,566.0,1.0,sports,348
8811,351,47,400,102,1.7678732986274779,378.0,219.0,1.0,389.0,114.0,0.0,385.029,102.3811,0.0,365.971,46.6189,0.0,377.0,372.0,1.0,357.0,295.0,1.0,366.0,219.0,1.0,390.0,219.0,1.0,400.0,309.0,1.0,404.0,371.0,1.0,348.0,170.0,0.0,352.0,145.0,0.0,355.0,111.0,0.0,422.0,116.0,1.0,418.0,177.0,1.0,390.0,191.0,1.0,walking,558
4011,818,154,894,249,2.919824652269379,702.0,341.0,1.0,842.0,241.0,1.0,839.743,247.368,0.0,872.257,155.632,0.0,390.0,415.0,1.0,562.0,481.0,1.0,743.0,348.0,1.0,661.0,333.0,1.0,704.0,520.0,1.0,743.0,670.0,1.0,909.0,161.0,1.0,892.0,241.0,0.0,886.0,274.0,1.0,798.0,208.0,1.0,747.0,200.0,1.0,695.0,157.0,1.0,sports,294
4374,108,398,165,470,2.203952812562011,145.0,652.0,1.0,138.0,492.0,1.0,137.4497,470.7203,0.0,135.5503,397.2797,0.0,,,,,,,177.0,644.0,1.0,112.0,660.0,1.0,,,,,,,209.0,532.0,0.0,222.0,581.0,1.0,197.0,500.0,1.0,78.0,484.0,1.0,33.0,569.0,1.0,,,,sports,321
8824,565,144,620,199,1.8667619023324855,589.0,349.0,0.0,586.0,222.0,0.0,588.5282,202.3581,0.0,596.4718,140.6419,0.0,573.0,563.0,1.0,615.0,468.0,0.0,605.0,351.0,1.0,573.0,347.0,0.0,580.0,460.0,0.0,557.0,578.0,0.0,661.0,354.0,1.0,621.0,311.0,1.0,607.0,227.0,1.0,565.0,217.0,0.0,521.0,277.0,1.0,553.0,318.0,0.0,dancing,580
8326,1250,565,1323,654,2.7626074639731217,1127.0,660.0,1.0,1226.0,588.0,0.0,1243.1147,594.0821,0.0,1329.8853,624.9179,0.0,1107.0,797.0,0.0,1119.0,800.0,1.0,1093.0,660.0,1.0,1160.0,660.0,1.0,1240.0,754.0,1.0,1237.0,826.0,1.0,1153.0,446.0,1.0,1170.0,494.0,1.0,1203.0,557.0,1.0,1249.0,619.0,0.0,1283.0,699.0,1.0,1297.0,754.0,1.0,sports,929
10681,403,101,444,156,1.6464069970696797,402.0,232.0,1.0,412.0,158.0,1.0,413.5335,154.0662,0.0,433.4665,102.9338,0.0,394.0,351.0,1.0,398.0,293.0,1.0,388.0,229.0,1.0,415.0,234.0,1.0,417.0,297.0,1.0,413.0,350.0,1.0,401.0,207.0,1.0,369.0,198.0,1.0,390.0,156.0,1.0,434.0,160.0,1.0,441.0,206.0,1.0,447.0,194.0,1.0,sports,752
1926,418,121,484,218,2.8157840826313367,456.0,446.0,1.0,442.0,243.0,1.0,445.2961,216.0818,0.0,456.7039,122.9182,0.0,399.0,657.0,1.0,397.0,565.0,1.0,428.0,447.0,1.0,484.0,444.0,1.0,482.0,567.0,1.0,469.0,674.0,1.0,391.0,394.0,1.0,370.0,323.0,1.0,376.0,248.0,1.0,508.0,237.0,1.0,527.0,325.0,1.0,540.0,400.0,1.0,sports,130
2790,936,95,999,186,2.6563132345414386,947.0,433.0,1.0,973.0,221.0,1.0,970.5178,184.6689,0.0,964.4822,96.3311,0.0,,,,873.0,575.0,1.0,907.0,429.0,1.0,987.0,437.0,1.0,988.0,593.0,1.0,,,,886.0,302.0,1.0,865.0,333.0,1.0,905.0,216.0,1.0,1041.0,225.0,1.0,1062.0,343.0,1.0,1011.0,293.0,1.0,sports,196
10666,265,413,301,458,1.3830748352854954,210.0,505.0,0.0,256.0,446.0,0.0,261.5161,443.8548,0.0,304.4839,427.1452,0.0,238.0,571.0,1.0,257.0,527.0,1.0,208.0,505.0,1.0,212.0,504.0,0.0,253.0,525.0,0.0,238.0,567.0,0.0,294.0,456.0,1.0,253.0,463.0,1.0,253.0,445.0,1.0,259.0,447.0,0.0,239.0,459.0,0.0,253.0,459.0,0.0,sports,752
6641,529,35,678,225,5.794944003180704,423.0,620.0,0.0,529.0,217.0,0.0,540.6797,203.3606,0.0,666.3203,56.6394,0.0,,,,,,,433.0,638.0,1.0,413.0,601.0,0.0,,,,,,,843.0,272.0,1.0,737.0,363.0,1.0,586.0,245.0,1.0,472.0,189.0,0.0,518.0,88.0,1.0,578.0,55.0,0.0,walking,366
6586,712,31,815,157,3.90581105533793,693.0,383.0,1.0,737.0,184.0,0.0,745.1131,156.4461,0.0,781.8869,31.5539,0.0,752.0,694.0,0.0,725.0,570.0,0.0,669.0,386.0,1.0,716.0,379.0,1.0,795.0,462.0,1.0,667.0,557.0,0.0,762.0,342.0,1.0,661.0,305.0,1.0,714.0,185.0,1.0,760.0,183.0,0.0,729.0,303.0,0.0,795.0,355.0,0.0,running,913
11186,326,138,362,179,1.309485395107559,377.0,237.0,1.0,356.0,166.0,0.0,362.5074,170.0671,0.0,325.4926,146.9329,0.0,380.0,378.0,1.0,359.0,314.0,1.0,391.0,244.0,1.0,363.0,229.0,1.0,290.0,262.0,1.0,339.0,325.0,1.0,327.0,158.0,0.0,350.0,176.0,0.0,374.0,172.0,0.0,338.0,160.0,1.0,315.0,184.0,1.0,302.0,167.0,1.0,sports,787
6549,960,208,1044,326,3.476273867231982,780.0,496.0,1.0,914.0,339.0,1.0,957.1585,303.6885,0.0,1046.8415,230.3115,0.0,928.0,857.0,1.0,909.0,662.0,1.0,812.0,504.0,1.0,747.0,487.0,1.0,743.0,687.0,1.0,651.0,848.0,1.0,870.0,593.0,0.0,911.0,482.0,1.0,957.0,374.0,1.0,870.0,304.0,1.0,788.0,355.0,1.0,735.0,456.0,0.0,sports,348
10396,494,217,531,267,1.4928308678480626,470.0,329.0,1.0,502.0,279.0,0.0,505.7075,265.9354,0.0,519.2925,218.0646,0.0,377.0,480.0,1.0,441.0,425.0,1.0,480.0,335.0,1.0,459.0,322.0,1.0,477.0,429.0,1.0,477.0,489.0,1.0,513.0,333.0,0.0,523.0,325.0,1.0,523.0,285.0,1.0,480.0,272.0,0.0,,,,,,,sports,736
77,552,111,610,170,1.9856283640198134,639.0,274.0,1.0,614.0,177.0,1.0,603.1943,165.0482,0.0,558.8057,115.9518,0.0,644.0,491.0,1.0,625.0,388.0,1.0,605.0,270.0,1.0,672.0,277.0,1.0,675.0,376.0,1.0,645.0,353.0,0.0,578.0,227.0,1.0,594.0,248.0,0.0,582.0,187.0,1.0,645.0,167.0,1.0,691.0,215.0,1.0,622.0,238.0,1.0,sports,17
10397,546,175,600,243,2.0839961612248716,596.0,360.0,1.0,592.0,254.0,0.0,586.5103,240.998,0.0,559.4897,177.002,0.0,499.0,557.0,1.0,523.0,445.0,1.0,578.0,357.0,1.0,613.0,363.0,1.0,628.0,474.0,1.0,657.0,577.0,1.0,552.0,293.0,0.0,562.0,301.0,0.0,578.0,259.0,0.0,605.0,248.0,1.0,605.0,294.0,1.0,554.0,294.0,1.0,sports,736
1897,888,296,973,408,3.374454622601999,997.0,590.0,1.0,964.0,407.0,1.0,959.7561,400.0325,0.0,901.2439,303.9675,0.0,979.0,850.0,1.0,943.0,749.0,1.0,959.0,590.0,1.0,1034.0,590.0,1.0,1020.0,747.0,1.0,1020.0,879.0,1.0,914.0,533.0,1.0,914.0,489.0,1.0,907.0,422.0,1.0,1020.0,391.0,1.0,1094.0,497.0,1.0,1087.0,564.0,1.0,sports,130
598,492,255,669,420,5.807504111061825,747.0,509.0,0.0,619.0,407.0,0.0,627.4028,422.1686,0.0,533.5972,252.8314,0.0,738.0,729.0,1.0,696.0,660.0,0.0,742.0,494.0,0.0,752.0,524.0,1.0,627.0,669.0,1.0,720.0,728.0,1.0,514.0,379.0,0.0,582.0,423.0,0.0,632.0,362.0,0.0,605.0,451.0,1.0,629.0,593.0,1.0,540.0,497.0,1.0,sports,32
10835,609,231,655,304,2.070825922186604,618.0,288.0,0.0,627.0,267.0,1.0,597.6575,264.0658,0.0,666.3425,270.9342,0.0,581.0,437.0,1.0,573.0,343.0,0.0,601.0,285.0,0.0,634.0,290.0,0.0,666.0,346.0,0.0,692.0,431.0,1.0,553.0,298.0,1.0,535.0,277.0,1.0,596.0,246.0,1.0,658.0,288.0,1.0,673.0,344.0,1.0,666.0,392.0,1.0,sports,762
6720,525,109,643,271,4.8100694381682265,637.0,659.0,1.0,595.0,330.0,1.0,590.2795,269.9215,0.0,577.7205,110.0785,0.0,,,,,,,700.0,657.0,1.0,574.0,661.0,1.0,,,,,,,791.0,367.0,0.0,822.0,439.0,1.0,719.0,309.0,1.0,470.0,350.0,1.0,468.0,541.0,1.0,450.0,580.0,0.0,sports,373
11177,457,288,490,338,1.4377983168720152,471.0,404.0,1.0,468.0,333.0,1.0,467.146,336.1055,0.0,479.854,289.8945,0.0,416.0,475.0,1.0,430.0,442.0,1.0,454.0,402.0,1.0,488.0,405.0,1.0,490.0,468.0,1.0,470.0,484.0,1.0,405.0,390.0,1.0,420.0,368.0,1.0,443.0,335.0,1.0,493.0,331.0,1.0,516.0,369.0,1.0,539.0,390.0,1.0,sports,787
7039,528,214,571,270,1.6945087783779698,500.0,391.0,0.0,541.0,278.0,0.0,543.0102,269.4861,0.0,555.9898,214.5139,0.0,487.0,564.0,1.0,494.0,494.0,1.0,503.0,391.0,1.0,497.0,390.0,0.0,479.0,467.0,1.0,438.0,527.0,1.0,643.0,296.0,1.0,592.0,295.0,1.0,542.0,277.0,1.0,539.0,278.0,0.0,585.0,292.0,0.0,628.0,295.0,0.0,dancing,853
7666,871,243,955,365,3.5549177205668214,1166.0,433.0,0.0,988.0,323.0,0.0,970.4343,318.55,0.0,855.5657,289.45,0.0,1094.0,763.0,1.0,1051.0,605.0,1.0,1164.0,434.0,0.0,1168.0,432.0,1.0,1012.0,475.0,1.0,1103.0,612.0,1.0,889.0,523.0,1.0,954.0,427.0,1.0,969.0,340.0,0.0,1007.0,306.0,1.0,1012.0,379.0,1.0,959.0,446.0,1.0,bicycling,454
4019,1563,118,1660,248,3.8928118372199805,1385.0,457.0,1.0,1549.0,268.0,1.0,1573.0656,235.2708,0.0,1649.9344,130.7292,0.0,1110.0,857.0,1.0,1310.0,665.0,1.0,1433.0,468.0,1.0,1336.0,446.0,1.0,1401.0,677.0,1.0,1418.0,903.0,1.0,1702.0,203.0,1.0,1738.0,302.0,1.0,1644.0,297.0,1.0,1454.0,239.0,1.0,1339.0,306.0,1.0,1228.0,362.0,1.0,sports,294
3989,641,238,714,330,2.8186464836868064,561.0,501.0,1.0,658.0,337.0,1.0,661.2789,328.0881,0.0,693.7211,239.9119,0.0,,,,602.0,677.0,1.0,598.0,510.0,1.0,523.0,491.0,1.0,532.0,569.0,1.0,564.0,708.0,1.0,700.0,494.0,1.0,711.0,428.0,1.0,724.0,356.0,1.0,591.0,318.0,1.0,487.0,290.0,1.0,378.0,243.0,1.0,sports,294
10819,1077,302,1188,468,4.792614317885386,835.0,568.0,0.0,1048.0,434.0,0.0,1063.4004,425.0696,0.0,1201.5996,344.9304,0.0,916.0,1066.0,1.0,969.0,798.0,1.0,822.0,559.0,1.0,848.0,577.0,0.0,919.0,795.0,0.0,835.0,974.0,1.0,1103.0,535.0,1.0,943.0,469.0,1.0,1029.0,409.0,1.0,1066.0,459.0,0.0,1082.0,640.0,1.0,1119.0,801.0,1.0,sports,762
4848,525,369,557,419,1.4247189196469596,512.0,520.0,1.0,525.0,430.0,1.0,531.3561,415.6987,0.0,550.6439,372.3013,0.0,608.0,633.0,1.0,577.0,560.0,1.0,528.0,520.0,1.0,495.0,519.0,1.0,476.0,576.0,1.0,455.0,644.0,1.0,581.0,505.0,1.0,570.0,483.0,1.0,559.0,434.0,1.0,491.0,426.0,1.0,455.0,460.0,1.0,452.0,483.0,1.0,sports,360
7016,452,192,492,256,1.811324377354868,427.0,319.0,0.0,450.0,254.0,0.0,454.1475,248.3444,0.0,489.8525,199.6556,0.0,455.0,427.0,1.0,485.0,373.0,1.0,429.0,318.0,1.0,425.0,319.0,0.0,458.0,345.0,0.0,428.0,405.0,0.0,469.0,318.0,1.0,448.0,302.0,1.0,458.0,256.0,1.0,441.0,251.0,0.0,436.0,288.0,0.0,453.0,300.0,0.0,sports,923
2791,826,146,888,237,2.6427258654654286,853.0,520.0,0.0,872.0,274.0,0.0,864.8791,234.835,0.0,849.1209,148.165,0.0,,,,861.0,665.0,0.0,829.0,517.0,0.0,877.0,522.0,1.0,881.0,665.0,1.0,,,,763.0,325.0,0.0,808.0,355.0,0.0,834.0,270.0,0.0,909.0,278.0,1.0,863.0,319.0,1.0,802.0,322.0,1.0,sports,196
8439,456,148,608,358,6.221696231736165,511.0,607.0,1.0,521.0,384.0,1.0,523.3233,356.3313,0.0,540.6767,149.6687,0.0,858.0,695.0,1.0,717.0,573.0,1.0,462.0,660.0,1.0,560.0,554.0,1.0,809.0,560.0,1.0,685.0,584.0,0.0,259.0,763.0,1.0,318.0,592.0,1.0,394.0,375.0,1.0,647.0,392.0,1.0,647.0,590.0,1.0,657.0,774.0,1.0,sports,929
2105,592,116,647,199,2.389657716075673,623.0,293.0,1.0,611.0,191.0,0.0,609.7049,196.1043,0.0,629.2951,118.8957,0.0,564.0,545.0,1.0,586.0,420.0,1.0,599.0,291.0,1.0,647.0,294.0,1.0,655.0,431.0,1.0,673.0,545.0,1.0,534.0,120.0,1.0,551.0,165.0,0.0,602.0,165.0,0.0,620.0,217.0,1.0,545.0,169.0,1.0,514.0,121.0,1.0,sports,144
2071,617,66,740,212,4.581737661630138,947.0,243.0,1.0,743.0,162.0,0.0,750.4262,164.6481,0.0,606.5738,113.3519,0.0,884.0,495.0,1.0,779.0,361.0,1.0,913.0,253.0,1.0,981.0,233.0,1.0,907.0,468.0,1.0,925.0,690.0,1.0,576.0,303.0,0.0,694.0,301.0,0.0,731.0,162.0,0.0,754.0,162.0,1.0,706.0,311.0,1.0,576.0,317.0,1.0,bicycling,780
8664,654,294,734,379,2.8014282071829,868.0,442.0,0.0,743.0,355.0,0.0,737.6809,352.9918,0.0,650.3191,320.0082,0.0,815.0,600.0,0.0,807.0,494.0,0.0,854.0,431.0,0.0,882.0,453.0,1.0,795.0,526.0,1.0,846.0,583.0,1.0,708.0,508.0,1.0,730.0,472.0,1.0,734.0,370.0,0.0,752.0,340.0,1.0,750.0,360.0,1.0,702.0,421.0,1.0,bicycling,550
7536,815,126,940,296,5.064227483042206,662.0,497.0,1.0,793.0,275.0,0.0,810.2166,261.9602,0.0,944.7834,160.0398,0.0,666.0,990.0,1.0,678.0,728.0,1.0,631.0,498.0,1.0,693.0,496.0,1.0,755.0,687.0,1.0,740.0,896.0,1.0,843.0,581.0,1.0,784.0,437.0,1.0,763.0,298.0,1.0,822.0,251.0,0.0,828.0,398.0,1.0,828.0,543.0,0.0,sports,447
6500,247,208,321,307,2.9664038834926036,227.0,515.0,0.0,250.0,333.0,1.0,263.6991,302.5799,0.0,304.3009,212.4201,0.0,423.0,642.0,1.0,355.0,432.0,1.0,193.0,522.0,1.0,261.0,508.0,0.0,412.0,407.0,1.0,474.0,583.0,1.0,132.0,509.0,1.0,110.0,413.0,1.0,195.0,323.0,1.0,304.0,343.0,1.0,242.0,403.0,0.0,288.0,488.0,0.0,walking,309
6238,377,90,407,125,1.1063453348751462,391.0,209.0,0.0,388.0,140.0,1.0,389.7476,125.801,0.0,394.2524,89.199,0.0,331.0,314.0,0.0,347.0,259.0,0.0,375.0,210.0,0.0,407.0,208.0,1.0,422.0,267.0,1.0,443.0,318.0,1.0,353.0,195.0,0.0,355.0,173.0,1.0,363.0,139.0,1.0,413.0,140.0,1.0,410.0,179.0,1.0,392.0,194.0,1.0,sports,923
6896,789,36,901,173,4.246915115704575,558.0,142.0,0.0,754.0,90.0,0.0,775.0999,93.3621,0.0,914.9001,115.6379,0.0,613.0,384.0,1.0,696.0,214.0,1.0,526.0,142.0,1.0,590.0,142.0,0.0,727.0,222.0,1.0,683.0,379.0,1.0,828.0,262.0,1.0,733.0,175.0,1.0,745.0,78.0,1.0,762.0,102.0,0.0,739.0,204.0,0.0,770.0,313.0,1.0,sports,385
3674,799,293,863,369,2.3845905308878503,951.0,501.0,1.0,857.0,371.0,1.0,852.6596,364.3224,0.0,809.3404,297.6776,0.0,1021.0,693.0,1.0,939.0,608.0,1.0,971.0,498.0,1.0,930.0,503.0,1.0,886.0,658.0,1.0,957.0,788.0,1.0,1009.0,511.0,1.0,997.0,442.0,1.0,908.0,361.0,1.0,805.0,381.0,1.0,827.0,448.0,1.0,858.0,541.0,1.0,sports,264
9341,449,33,572,135,3.834971707848703,511.0,369.0,1.0,504.0,164.0,0.0,505.3239,147.7063,0.0,515.6761,20.2937,0.0,486.0,667.0,1.0,539.0,536.0,1.0,486.0,373.0,1.0,535.0,364.0,1.0,549.0,543.0,0.0,454.0,534.0,1.0,503.0,231.0,1.0,422.0,286.0,1.0,464.0,168.0,1.0,544.0,159.0,0.0,528.0,249.0,0.0,565.0,267.0,1.0,running,640
5604,687,2,840,151,5.125559481656612,953.0,319.0,1.0,842.0,107.0,0.0,843.1269,107.4379,0.0,683.8731,45.5621,0.0,936.0,386.0,0.0,867.0,437.0,0.0,917.0,324.0,1.0,989.0,313.0,1.0,1037.0,454.0,0.0,992.0,375.0,0.0,727.0,152.0,1.0,787.0,206.0,0.0,779.0,152.0,0.0,905.0,61.0,1.0,1138.0,154.0,1.0,1157.0,24.0,1.0,sports,632
1597,803,13,898,117,3.3805940306401774,703.0,340.0,0.0,810.0,142.0,0.0,824.2717,114.8662,0.0,876.7283,15.1338,0.0,813.0,649.0,1.0,846.0,477.0,1.0,699.0,348.0,1.0,707.0,332.0,0.0,872.0,428.0,0.0,854.0,594.0,0.0,870.0,354.0,1.0,753.0,274.0,1.0,809.0,146.0,1.0,811.0,138.0,0.0,735.0,256.0,0.0,865.0,254.0,1.0,sports,46
2805,582,202,662,298,2.9991358755481556,652.0,560.0,1.0,636.0,371.0,1.0,627.7451,299.6543,0.0,616.2549,200.3457,0.0,607.0,939.0,1.0,622.0,765.0,1.0,611.0,562.0,1.0,692.0,558.0,1.0,700.0,763.0,1.0,716.0,934.0,1.0,335.0,412.0,1.0,448.0,410.0,1.0,563.0,377.0,1.0,709.0,364.0,1.0,840.0,351.0,1.0,959.0,321.0,1.0,dancing,197
6554,628,489,747,673,5.259067597968294,684.0,516.0,0.0,688.0,592.0,1.0,691.48,668.5607,0.0,683.52,493.4393,0.0,672.0,581.0,0.0,667.0,708.0,1.0,626.0,528.0,0.0,742.0,504.0,1.0,776.0,497.0,1.0,771.0,371.0,1.0,545.0,792.0,1.0,554.0,706.0,1.0,593.0,588.0,1.0,783.0,595.0,1.0,780.0,732.0,1.0,780.0,860.0,1.0,sports,348
6457,854,142,1008,375,6.703050052028555,980.0,879.0,1.0,952.0,479.0,1.0,941.5918,369.7143,0.0,920.4082,147.2857,0.0,,,,,,,888.0,882.0,1.0,1071.0,876.0,1.0,,,,,,,817.0,807.0,1.0,758.0,745.0,1.0,780.0,497.0,1.0,1124.0,460.0,1.0,1251.0,631.0,1.0,1211.0,873.0,1.0,running,653
1726,329,122,449,299,5.13224161551266,341.0,619.0,1.0,360.0,313.0,1.0,365.7133,292.8065,0.0,412.2867,128.1935,0.0,,,,,,,302.0,620.0,1.0,379.0,617.0,1.0,,,,,,,277.0,373.0,1.0,181.0,460.0,1.0,258.0,306.0,1.0,461.0,319.0,1.0,578.0,389.0,1.0,654.0,370.0,1.0,sports,113
4783,626,137,731,276,4.180824799007965,779.0,489.0,1.0,717.0,292.0,0.0,707.1098,270.0361,0.0,649.8902,142.9639,0.0,674.0,886.0,1.0,631.0,684.0,1.0,792.0,484.0,1.0,766.0,494.0,1.0,706.0,747.0,1.0,730.0,975.0,1.0,636.0,343.0,0.0,699.0,388.0,0.0,756.0,285.0,0.0,677.0,299.0,1.0,631.0,386.0,1.0,535.0,314.0,1.0,dancing,357
737,513,72,624,200,4.066211996440914,474.0,431.0,0.0,500.0,196.0,0.0,517.5208,180.6533,0.0,619.4792,91.3467,0.0,,,,490.0,600.0,1.0,482.0,434.0,1.0,465.0,427.0,0.0,477.0,601.0,0.0,,,,541.0,444.0,1.0,481.0,340.0,1.0,513.0,217.0,1.0,486.0,175.0,0.0,510.0,302.0,0.0,587.0,338.0,1.0,sports,67
2055,182,486,368,714,7.061875105097796,657.0,863.0,1.0,351.0,708.0,0.0,342.7344,696.2541,0.0,207.2656,503.7459,0.0,1128.0,1041.0,1.0,952.0,846.0,1.0,657.0,941.0,1.0,657.0,784.0,1.0,849.0,686.0,1.0,887.0,925.0,0.0,700.0,508.0,1.0,592.0,667.0,1.0,340.0,762.0,1.0,361.0,654.0,0.0,472.0,632.0,1.0,600.0,570.0,1.0,sports,135
9379,235,2,323,58,2.503373723597817,275.0,216.0,1.0,286.0,90.0,1.0,283.8349,71.4418,0.0,274.1651,-11.4418,0.0,254.0,440.0,1.0,254.0,341.0,1.0,256.0,217.0,1.0,293.0,214.0,1.0,313.0,330.0,1.0,331.0,414.0,1.0,188.0,160.0,1.0,225.0,171.0,1.0,236.0,99.0,1.0,336.0,80.0,1.0,363.0,151.0,1.0,346.0,151.0,1.0,walking,642
2720,927,82,1055,243,4.936363033651395,974.0,648.0,0.0,976.0,299.0,0.0,982.0131,244.2804,0.0,999.9869,80.7196,0.0,,,,922.0,923.0,1.0,937.0,654.0,1.0,1011.0,642.0,0.0,1045.0,908.0,1.0,,,,900.0,678.0,1.0,894.0,485.0,1.0,922.0,311.0,1.0,1029.0,286.0,0.0,1017.0,448.0,0.0,1032.0,605.0,0.0,dancing,314
10664,516,77,562,144,1.950507626234771,573.0,200.0,0.0,556.0,143.0,1.0,554.0676,139.3057,0.0,523.9324,81.6943,0.0,535.0,324.0,1.0,546.0,258.0,1.0,554.0,198.0,1.0,592.0,201.0,0.0,571.0,182.0,1.0,565.0,252.0,1.0,513.0,222.0,1.0,529.0,174.0,1.0,529.0,135.0,1.0,582.0,150.0,1.0,596.0,208.0,1.0,583.0,262.0,1.0,sports,752
5908,376,6,405,51,1.2848408461751206,385.0,132.0,0.0,393.0,60.0,0.0,392.1942,49.8469,0.0,388.8058,7.1531,0.0,370.0,246.0,0.0,359.0,182.0,0.0,382.0,131.0,0.0,388.0,133.0,1.0,358.0,196.0,1.0,368.0,261.0,1.0,373.0,127.0,0.0,386.0,107.0,0.0,392.0,58.0,0.0,394.0,62.0,1.0,395.0,114.0,1.0,371.0,132.0,1.0,sports,109
4792,559,80,612,161,2.3231702477433718,583.0,313.0,1.0,587.0,177.0,1.0,586.5276,159.2059,0.0,584.4724,81.7941,0.0,569.0,537.0,0.0,574.0,423.0,0.0,608.0,314.0,1.0,558.0,312.0,1.0,556.0,466.0,1.0,598.0,586.0,1.0,625.0,81.0,1.0,659.0,147.0,1.0,633.0,176.0,1.0,540.0,177.0,1.0,479.0,112.0,1.0,547.0,60.0,1.0,dancing,357
7072,226,120,273,184,1.9056967229861104,258.0,315.0,1.0,245.0,209.0,1.0,247.0003,183.6631,0.0,251.9997,120.3369,0.0,,,,290.0,405.0,1.0,238.0,317.0,1.0,277.0,312.0,1.0,242.0,383.0,1.0,216.0,460.0,1.0,197.0,343.0,1.0,204.0,282.0,1.0,214.0,216.0,1.0,275.0,202.0,1.0,298.0,261.0,1.0,335.0,316.0,1.0,walking,410
6723,880,113,1010,269,4.873595797765753,980.0,656.0,1.0,914.0,293.0,0.0,921.3803,268.7166,0.0,968.6197,113.2834,0.0,,,,,,,1020.0,646.0,1.0,940.0,665.0,1.0,,,,,,,876.0,129.0,1.0,1006.0,241.0,0.0,977.0,295.0,0.0,851.0,290.0,1.0,690.0,133.0,1.0,650.0,34.0,0.0,sports,373
3667,729,258,795,335,2.4339597367253223,767.0,510.0,0.0,742.0,361.0,1.0,749.9857,335.2461,0.0,774.0143,257.7539,0.0,731.0,751.0,1.0,743.0,619.0,0.0,743.0,517.0,1.0,790.0,503.0,0.0,776.0,594.0,0.0,758.0,725.0,1.0,717.0,513.0,1.0,703.0,448.0,1.0,707.0,368.0,1.0,776.0,354.0,1.0,784.0,437.0,0.0,798.0,509.0,0.0,sports,264
8185,1121,187,1218,301,3.592391960797151,985.0,492.0,0.0,1101.0,293.0,0.0,1120.8032,278.8342,0.0,1218.1968,209.1658,0.0,1092.0,857.0,1.0,1108.0,643.0,1.0,971.0,489.0,1.0,998.0,494.0,0.0,995.0,696.0,1.0,955.0,869.0,1.0,1072.0,537.0,1.0,1027.0,417.0,1.0,1077.0,306.0,1.0,1125.0,280.0,0.0,1106.0,388.0,1.0,1094.0,482.0,1.0,dancing,479
5790,701,182,758,243,2.0036766206152126,804.0,377.0,1.0,766.0,248.0,1.0,753.4392,235.7833,0.0,705.5608,189.2167,0.0,740.0,553.0,1.0,765.0,474.0,0.0,812.0,375.0,1.0,796.0,378.0,1.0,765.0,464.0,1.0,818.0,542.0,1.0,912.0,250.0,1.0,859.0,241.0,1.0,806.0,227.0,1.0,726.0,269.0,1.0,702.0,337.0,1.0,670.0,382.0,1.0,sports,931
6560,1033,37,1118,155,3.4902469826646936,1066.0,382.0,1.0,1062.0,199.0,1.0,1067.9403,153.6775,0.0,1083.0597,38.3225,0.0,1025.0,646.0,1.0,1025.0,536.0,1.0,1030.0,377.0,1.0,1102.0,386.0,1.0,1102.0,529.0,1.0,1109.0,644.0,1.0,1034.0,208.0,1.0,964.0,291.0,1.0,997.0,197.0,1.0,1126.0,201.0,1.0,1219.0,272.0,1.0,1157.0,179.0,1.0,sports,350
2097,353,105,391,167,1.745247260418993,352.0,256.0,1.0,368.0,180.0,1.0,369.3665,164.968,0.0,374.6335,107.032,0.0,353.0,418.0,1.0,355.0,345.0,1.0,327.0,258.0,1.0,377.0,253.0,1.0,356.0,347.0,0.0,334.0,406.0,0.0,279.0,302.0,1.0,291.0,240.0,1.0,327.0,178.0,1.0,409.0,181.0,1.0,429.0,236.0,1.0,434.0,279.0,1.0,walking,139
8658,541,151,582,191,1.3747203351954898,552.0,251.0,0.0,557.0,189.0,1.0,555.943,193.2279,0.0,567.057,148.7721,0.0,522.0,343.0,1.0,531.0,300.0,1.0,535.0,252.0,0.0,569.0,249.0,0.0,580.0,280.0,1.0,570.0,325.0,1.0,512.0,235.0,1.0,505.0,203.0,1.0,535.0,186.0,1.0,578.0,191.0,1.0,614.0,218.0,1.0,615.0,247.0,1.0,bicycling,550
10208,805,374,967,608,6.830519745963699,879.0,654.0,1.0,885.0,519.0,1.0,881.9368,604.7695,0.0,890.0632,377.2305,0.0,792.0,997.0,1.0,792.0,863.0,1.0,826.0,655.0,1.0,932.0,652.0,1.0,919.0,780.0,0.0,925.0,935.0,1.0,730.0,724.0,1.0,745.0,618.0,1.0,801.0,519.0,1.0,969.0,519.0,1.0,1021.0,652.0,1.0,1006.0,742.0,1.0,bicycling,780
1065,814,8,919,103,3.3983525420415104,813.0,379.0,0.0,822.0,126.0,0.0,836.0,103.0,0.0,896.0,7.0,0.0,908.0,709.0,0.0,906.0,569.0,0.0,861.0,384.0,0.0,595.0,587.0,0.0,767.0,499.0,0.0,767.0,372.0,0.0,978.0,442.0,0.0,900.0,302.0,0.0,904.0,138.0,0.0,740.0,114.0,0.0,681.0,204.0,0.0,804.0,194.0,0.0,sports,110
3829,606,77,692,191,3.427213445351777,680.0,505.0,1.0,672.0,228.0,1.0,662.5758,189.4835,0.0,635.4242,78.5165,0.0,,,,,,,725.0,506.0,1.0,634.0,503.0,1.0,,,,,,,696.0,361.0,0.0,750.0,359.0,1.0,739.0,220.0,1.0,605.0,235.0,1.0,553.0,388.0,1.0,433.0,512.0,1.0,dancing,282
9216,831,175,878,220,1.5616606545597542,891.0,310.0,1.0,865.0,224.0,1.0,864.0877,221.6975,0.0,844.9123,173.3025,0.0,880.0,522.0,1.0,882.0,408.0,1.0,914.0,314.0,1.0,867.0,306.0,1.0,825.0,414.0,1.0,793.0,506.0,1.0,997.0,315.0,1.0,953.0,252.0,1.0,909.0,229.0,1.0,821.0,219.0,1.0,800.0,275.0,1.0,822.0,333.0,1.0,sports,930
79,577,110,638,183,2.2831557108528537,645.0,321.0,0.0,634.0,196.0,0.0,625.0,180.0,0.0,589.0,112.0,0.0,631.0,409.0,0.0,549.0,344.0,0.0,638.0,315.0,0.0,652.0,326.0,0.0,622.0,445.0,0.0,631.0,549.0,0.0,753.0,301.0,0.0,727.0,237.0,0.0,671.0,187.0,0.0,597.0,204.0,0.0,568.0,257.0,0.0,555.0,223.0,0.0,sports,17
7392,725,48,785,129,2.4192428567632476,813.0,212.0,1.0,793.0,108.0,1.0,790.8732,106.9086,0.0,719.1268,70.0914,0.0,835.0,416.0,1.0,810.0,308.0,0.0,796.0,211.0,1.0,829.0,212.0,1.0,797.0,317.0,1.0,821.0,425.0,1.0,771.0,195.0,1.0,791.0,154.0,1.0,760.0,120.0,1.0,826.0,95.0,1.0,873.0,142.0,1.0,857.0,198.0,1.0,sports,931
2039,829,193,936,311,3.822937090771963,917.0,583.0,0.0,879.0,322.0,0.0,879.3182,315.6361,0.0,885.6818,188.3639,0.0,924.0,807.0,0.0,858.0,655.0,1.0,884.0,579.0,0.0,950.0,587.0,1.0,918.0,765.0,1.0,963.0,941.0,1.0,753.0,203.0,0.0,814.0,273.0,1.0,861.0,323.0,0.0,897.0,320.0,1.0,835.0,265.0,1.0,787.0,148.0,1.0,sports,135
8037,661,169,746,259,2.9710604167535872,640.0,417.0,1.0,641.0,250.0,1.0,660.5914,238.7154,0.0,746.4086,189.2846,0.0,815.0,613.0,1.0,764.0,502.0,1.0,665.0,410.0,1.0,614.0,423.0,1.0,635.0,560.0,1.0,616.0,688.0,1.0,770.0,262.0,1.0,705.0,319.0,1.0,671.0,256.0,1.0,610.0,244.0,1.0,560.0,283.0,1.0,612.0,230.0,1.0,sports,471
7637,191,98,226,154,1.5849088301855094,161.0,223.0,1.0,191.0,149.0,1.0,192.5051,147.0219,0.0,224.4949,104.9781,0.0,169.0,313.0,1.0,175.0,235.0,1.0,144.0,225.0,1.0,178.0,221.0,1.0,217.0,239.0,0.0,205.0,288.0,0.0,138.0,185.0,1.0,122.0,178.0,1.0,159.0,148.0,1.0,223.0,150.0,1.0,236.0,194.0,1.0,239.0,189.0,1.0,bicycling,454
2308,1518,223,1673,448,6.55731652431084,1475.0,936.0,1.0,1506.0,450.0,1.0,1528.1952,421.605,0.0,1662.8048,249.395,0.0,,,,,,,1527.0,938.0,1.0,1423.0,933.0,1.0,,,,,,,1655.0,317.0,0.0,1721.0,368.0,1.0,1556.0,438.0,1.0,1455.0,462.0,1.0,1530.0,448.0,0.0,1530.0,281.0,0.0,sports,151
6052,925,143,984,197,1.9195499472532618,1013.0,274.0,1.0,970.0,210.0,0.0,966.0596,199.8311,0.0,942.9404,140.1689,0.0,1069.0,488.0,0.0,1056.0,403.0,1.0,1034.0,271.0,1.0,991.0,276.0,1.0,957.0,356.0,1.0,982.0,444.0,1.0,1012.0,298.0,0.0,1036.0,252.0,0.0,1009.0,201.0,0.0,930.0,219.0,1.0,904.0,278.0,1.0,880.0,322.0,1.0,bicycling,238
5441,568,34,640,136,2.996445894722613,615.0,360.0,1.0,606.0,181.0,1.0,605.0402,134.9299,0.0,602.9598,35.0701,0.0,604.0,636.0,1.0,586.0,525.0,1.0,588.0,364.0,1.0,641.0,355.0,1.0,674.0,480.0,1.0,683.0,633.0,1.0,533.0,277.0,0.0,505.0,258.0,0.0,538.0,181.0,1.0,673.0,181.0,1.0,692.0,268.0,1.0,717.0,339.0,1.0,sports,378
2458,654,212,706,295,2.350652675322324,650.0,433.0,0.0,660.0,302.0,1.0,665.0644,289.7189,0.0,694.9356,217.2811,0.0,592.0,591.0,1.0,618.0,541.0,1.0,631.0,436.0,0.0,669.0,429.0,1.0,698.0,509.0,1.0,695.0,626.0,1.0,623.0,397.0,1.0,576.0,357.0,1.0,607.0,306.0,1.0,713.0,298.0,1.0,713.0,354.0,0.0,732.0,403.0,1.0,running,160
7360,910,265,1002,390,3.7249515433089866,945.0,650.0,1.0,946.0,434.0,1.0,950.1962,389.3106,0.0,961.8038,265.6894,0.0,918.0,937.0,1.0,904.0,797.0,1.0,913.0,650.0,1.0,976.0,650.0,1.0,1000.0,800.0,1.0,993.0,929.0,1.0,860.0,641.0,1.0,848.0,535.0,1.0,868.0,436.0,1.0,1024.0,432.0,1.0,1041.0,554.0,1.0,1041.0,638.0,1.0,sports,435
10658,1021,33,1132,182,4.459223250746704,981.0,339.0,1.0,1058.0,152.0,1.0,1047.97,176.1262,0.0,1105.03,38.8738,0.0,954.0,555.0,1.0,954.0,465.0,1.0,932.0,335.0,1.0,1030.0,343.0,1.0,1078.0,479.0,1.0,1005.0,557.0,1.0,810.0,316.0,1.0,848.0,210.0,1.0,986.0,145.0,1.0,1130.0,158.0,1.0,1190.0,213.0,1.0,1287.0,275.0,1.0,sports,752
8607,820,382,858,431,1.4881935358010392,855.0,532.0,1.0,839.0,442.0,1.0,839.0,431.3032,0.0,839.0,381.6968,0.0,971.0,640.0,1.0,924.0,587.0,1.0,874.0,528.0,1.0,835.0,535.0,1.0,800.0,575.0,1.0,835.0,640.0,1.0,882.0,502.0,1.0,894.0,483.0,1.0,874.0,445.0,1.0,803.0,439.0,1.0,786.0,488.0,1.0,806.0,488.0,1.0,sports,538
3679,653,117,739,232,3.446403342616763,693.0,632.0,0.0,693.0,326.0,1.0,694.8628,231.9288,0.0,697.1372,117.0712,0.0,,,,,,,640.0,626.0,1.0,745.0,638.0,0.0,,,,,,,542.0,483.0,1.0,624.0,449.0,0.0,602.0,317.0,1.0,783.0,335.0,1.0,799.0,487.0,1.0,757.0,644.0,1.0,sports,264
8597,508,372,533,407,1.0322790320451152,507.0,469.0,1.0,516.0,415.0,1.0,517.5101,406.4429,0.0,523.4899,372.5571,0.0,538.0,564.0,1.0,533.0,520.0,1.0,519.0,469.0,1.0,494.0,469.0,1.0,484.0,512.0,1.0,472.0,556.0,1.0,506.0,450.0,0.0,491.0,437.0,0.0,490.0,415.0,1.0,541.0,415.0,1.0,544.0,451.0,1.0,527.0,458.0,0.0,sports,536
7252,284,107,325,155,1.5150445538003163,307.0,262.0,1.0,305.0,169.0,1.0,304.8322,156.2486,0.0,304.1678,105.7514,0.0,312.0,378.0,1.0,273.0,350.0,1.0,297.0,263.0,1.0,316.0,261.0,1.0,313.0,328.0,1.0,327.0,378.0,1.0,284.0,235.0,0.0,301.0,215.0,0.0,285.0,167.0,1.0,324.0,170.0,1.0,354.0,228.0,1.0,316.0,244.0,1.0,walking,425
6519,258,224,328,324,2.929573347776089,262.0,540.0,1.0,274.0,364.0,1.0,282.9145,321.7733,0.0,303.0855,226.2267,0.0,,,,280.0,689.0,1.0,315.0,535.0,1.0,208.0,545.0,1.0,211.0,694.0,1.0,,,,335.0,509.0,1.0,370.0,474.0,1.0,341.0,365.0,1.0,206.0,362.0,1.0,187.0,434.0,0.0,224.0,476.0,0.0,walking,940
7367,856,381,960,526,4.282571190301452,1003.0,700.0,0.0,953.0,523.0,1.0,946.7931,513.4137,0.0,869.2069,393.5863,0.0,1012.0,973.0,1.0,958.0,823.0,1.0,953.0,701.0,0.0,1052.0,698.0,1.0,897.0,764.0,1.0,877.0,958.0,1.0,744.0,670.0,1.0,841.0,596.0,1.0,897.0,535.0,1.0,1009.0,510.0,1.0,1108.0,599.0,1.0,1073.0,670.0,1.0,sports,435
628,1575,516,1629,563,1.7181385275931624,1649.0,602.0,1.0,1622.0,550.0,1.0,1627.3539,552.8108,0.0,1576.6461,526.1892,0.0,1655.0,724.0,1.0,1649.0,671.0,1.0,1667.0,609.0,1.0,1631.0,595.0,1.0,1607.0,623.0,1.0,1614.0,688.0,1.0,1641.0,595.0,0.0,1655.0,573.0,0.0,1646.0,545.0,1.0,1597.0,554.0,1.0,1582.0,588.0,1.0,1572.0,619.0,1.0,bicycling,780
8038,854,99,972,229,4.213623618692111,847.0,516.0,1.0,891.0,258.0,1.0,896.9963,232.3793,0.0,929.0037,95.6207,0.0,,,,1021.0,575.0,1.0,881.0,525.0,1.0,813.0,507.0,1.0,773.0,588.0,1.0,,,,1064.0,14.0,1.0,1026.0,143.0,1.0,972.0,267.0,1.0,809.0,249.0,1.0,743.0,353.0,1.0,743.0,249.0,1.0,sports,471
3197,495,241,550,322,2.3497948846654677,695.0,362.0,1.0,578.0,313.0,1.0,556.5597,300.8312,0.0,488.4403,262.1688,0.0,780.0,545.0,1.0,743.0,447.0,0.0,704.0,352.0,1.0,685.0,371.0,1.0,733.0,471.0,1.0,772.0,590.0,1.0,695.0,363.0,0.0,659.0,317.0,1.0,602.0,290.0,1.0,554.0,336.0,1.0,539.0,408.0,1.0,509.0,482.0,1.0,dancing,226
165,616,73,706,171,3.19335309666814,543.0,243.0,1.0,622.0,142.0,1.0,613.6416,146.2863,0.0,708.3584,97.7137,0.0,526.0,409.0,1.0,498.0,296.0,1.0,507.0,235.0,1.0,579.0,251.0,1.0,610.0,312.0,1.0,584.0,412.0,1.0,520.0,236.0,1.0,509.0,185.0,1.0,574.0,130.0,1.0,669.0,153.0,1.0,673.0,198.0,1.0,669.0,237.0,1.0,bicycling,840
10197,543,72,659,197,4.092756528307053,588.0,408.0,1.0,592.0,216.0,1.0,593.5128,202.3005,0.0,608.4872,66.6995,0.0,,,,,,,632.0,406.0,1.0,543.0,410.0,1.0,,,,,,,747.0,458.0,1.0,743.0,377.0,1.0,702.0,214.0,1.0,481.0,218.0,1.0,462.0,371.0,0.0,475.0,477.0,0.0,bicycling,724
2445,1120,225,1194,334,3.161903224325501,1187.0,630.0,1.0,1174.0,375.0,1.0,1166.2357,331.3828,0.0,1147.7643,227.6172,0.0,1256.0,860.0,1.0,1220.0,763.0,1.0,1240.0,631.0,1.0,1134.0,629.0,1.0,1153.0,742.0,1.0,1177.0,860.0,1.0,1244.0,487.0,0.0,1300.0,487.0,1.0,1256.0,374.0,1.0,1091.0,376.0,1.0,1076.0,484.0,1.0,1066.0,564.0,1.0,running,913
10201,1370,111,1501,279,5.112901328991202,1105.0,336.0,0.0,1347.0,246.0,0.0,1361.6672,237.5477,0.0,1509.3328,152.4523,0.0,1182.0,814.0,1.0,1293.0,566.0,1.0,1119.0,319.0,1.0,1091.0,352.0,0.0,1218.0,588.0,1.0,1038.0,737.0,1.0,1449.0,540.0,1.0,1346.0,398.0,1.0,1372.0,213.0,1.0,1322.0,278.0,0.0,1317.0,422.0,1.0,1367.0,549.0,1.0,bicycling,780
2254,407,55,433,94,1.1249319979447647,424.0,196.0,1.0,423.0,113.0,1.0,421.4565,93.1922,0.0,418.5435,55.8078,0.0,415.0,332.0,1.0,412.0,255.0,1.0,408.0,197.0,1.0,440.0,195.0,1.0,442.0,254.0,1.0,441.0,329.0,1.0,388.0,127.0,1.0,386.0,144.0,1.0,397.0,112.0,1.0,448.0,114.0,1.0,457.0,150.0,1.0,463.0,136.0,1.0,running,983
11090,493,187,629,370,5.472052631325835,694.0,529.0,0.0,603.0,355.0,1.0,604.8912,358.4447,0.0,517.1088,198.5553,0.0,640.0,963.0,1.0,614.0,748.0,1.0,632.0,540.0,1.0,755.0,517.0,0.0,683.0,683.0,1.0,704.0,899.0,1.0,309.0,496.0,1.0,427.0,437.0,1.0,514.0,337.0,1.0,691.0,373.0,1.0,773.0,529.0,1.0,755.0,676.0,1.0,sports,917
2442,316,83,372,158,2.2464051281992745,330.0,341.0,1.0,336.0,172.0,1.0,338.253,157.4964,0.0,349.747,83.5036,0.0,324.0,536.0,1.0,354.0,439.0,1.0,307.0,338.0,1.0,353.0,344.0,1.0,358.0,439.0,0.0,264.0,397.0,1.0,318.0,251.0,1.0,259.0,258.0,1.0,293.0,178.0,1.0,378.0,165.0,1.0,362.0,221.0,0.0,391.0,265.0,1.0,running,307
6110,531,1,742,327,9.319821457517305,822.0,601.0,1.0,677.0,316.0,1.0,676.4921,314.0938,0.0,596.5079,13.9062,0.0,,,,553.0,885.0,1.0,662.0,609.0,1.0,981.0,593.0,1.0,1115.0,897.0,1.0,,,,110.0,727.0,1.0,342.0,535.0,1.0,457.0,342.0,1.0,897.0,289.0,1.0,928.0,590.0,1.0,891.0,873.0,1.0,sports,239
4846,16,86,109,217,3.8557178319996392,218.0,459.0,1.0,77.0,244.0,1.0,72.452,214.9867,0.0,52.548,88.0133,0.0,,,,266.0,663.0,1.0,174.0,487.0,1.0,261.0,431.0,1.0,440.0,492.0,1.0,447.0,652.0,1.0,240.0,314.0,1.0,158.0,367.0,1.0,20.0,299.0,1.0,134.0,189.0,1.0,165.0,269.0,1.0,86.0,331.0,1.0,sports,360
6540,936,237,1014,354,3.3747959938342937,984.0,593.0,1.0,983.0,358.0,1.0,982.1413,351.2914,0.0,967.8587,239.7086,0.0,862.0,958.0,1.0,903.0,780.0,1.0,943.0,595.0,1.0,1025.0,590.0,1.0,1066.0,776.0,1.0,1088.0,922.0,1.0,794.0,222.0,1.0,842.0,299.0,1.0,922.0,345.0,1.0,1044.0,371.0,1.0,1069.0,511.0,1.0,1107.0,631.0,1.0,sports,348
9220,398,76,438,138,1.7708032075868845,418.0,252.0,1.0,421.0,147.0,1.0,420.2073,136.4307,0.0,415.7927,77.5693,0.0,390.0,409.0,1.0,388.0,335.0,1.0,394.0,252.0,1.0,441.0,251.0,1.0,450.0,338.0,1.0,450.0,416.0,1.0,380.0,224.0,1.0,367.0,199.0,1.0,379.0,146.0,1.0,463.0,147.0,1.0,466.0,203.0,1.0,453.0,248.0,1.0,sports,930
8021,379,244,465,316,2.6918543794195107,427.0,529.0,1.0,401.0,334.0,1.0,405.7391,321.8137,0.0,438.2609,238.1863,0.0,514.0,536.0,1.0,555.0,426.0,1.0,464.0,517.0,1.0,389.0,540.0,1.0,439.0,467.0,0.0,403.0,592.0,0.0,582.0,367.0,1.0,528.0,390.0,1.0,468.0,334.0,1.0,333.0,334.0,1.0,312.0,409.0,1.0,345.0,332.0,0.0,sports,471
2286,223,198,455,539,9.898508978629055,356.0,1065.0,0.0,298.0,513.0,0.0,293.968,527.2102,0.0,384.032,209.7898,0.0,,,,,,,305.0,1065.0,1.0,407.0,1065.0,0.0,,,,,,,420.0,426.0,1.0,231.0,348.0,1.0,212.0,541.0,0.0,383.0,485.0,0.0,631.0,485.0,1.0,860.0,441.0,1.0,sports,151
4586,284,198,304,226,0.8258232256360921,311.0,259.0,1.0,293.0,221.0,1.0,292.4801,225.6795,0.0,295.5199,198.3205,0.0,325.0,302.0,1.0,313.0,279.0,1.0,323.0,258.0,1.0,298.0,259.0,1.0,287.0,302.0,1.0,297.0,323.0,1.0,347.0,231.0,1.0,332.0,223.0,1.0,311.0,219.0,1.0,275.0,223.0,1.0,270.0,257.0,1.0,282.0,252.0,0.0,running,335
10569,576,242,620,306,1.8639828325389696,591.0,376.0,0.0,603.0,304.0,1.0,603.1073,304.6437,0.0,592.8927,243.3563,0.0,569.0,492.0,0.0,567.0,444.0,1.0,575.0,376.0,0.0,606.0,376.0,0.0,612.0,410.0,1.0,619.0,490.0,1.0,529.0,352.0,0.0,530.0,341.0,1.0,566.0,304.0,1.0,639.0,304.0,1.0,673.0,338.0,1.0,655.0,352.0,0.0,bicycling,745
627,559,488,606,527,1.4657694225218372,518.0,566.0,1.0,566.0,521.0,1.0,563.5926,522.9697,0.0,601.4074,492.0303,0.0,556.0,696.0,1.0,561.0,628.0,1.0,532.0,566.0,1.0,504.0,565.0,1.0,568.0,597.0,0.0,566.0,633.0,0.0,625.0,589.0,1.0,604.0,581.0,1.0,590.0,526.0,1.0,541.0,515.0,1.0,529.0,538.0,0.0,541.0,565.0,0.0,bicycling,780
10755,908,176,1021,326,4.507210223630578,946.0,575.0,1.0,947.0,355.0,1.0,952.0348,325.0787,0.0,976.9652,176.9213,0.0,900.0,926.0,1.0,900.0,772.0,1.0,908.0,576.0,1.0,983.0,573.0,1.0,988.0,758.0,1.0,986.0,949.0,1.0,779.0,545.0,1.0,834.0,479.0,1.0,856.0,355.0,1.0,1038.0,355.0,1.0,1060.0,476.0,1.0,1135.0,529.0,1.0,sports,378
6408,450,188,621,386,6.27887888081941,937.0,613.0,1.0,592.0,355.0,0.0,602.3775,367.4897,0.0,468.6225,206.5103,0.0,,,,747.0,903.0,0.0,968.0,617.0,1.0,906.0,608.0,1.0,535.0,729.0,1.0,635.0,1068.0,0.0,496.0,694.0,1.0,608.0,573.0,1.0,688.0,331.0,0.0,496.0,378.0,1.0,434.0,555.0,1.0,296.0,712.0,1.0,bicycling,780
10367,519,213,570,286,2.1372131386457456,548.0,369.0,1.0,543.0,288.0,1.0,543.1133,285.0932,0.0,545.8867,213.9068,0.0,556.0,548.0,1.0,580.0,492.0,1.0,572.0,370.0,1.0,524.0,368.0,1.0,553.0,490.0,1.0,566.0,575.0,0.0,,,,,,,577.0,285.0,1.0,509.0,291.0,1.0,545.0,320.0,0.0,593.0,343.0,0.0,sports,736
9234,1126,292,1199,354,2.298618715663822,1193.0,423.0,1.0,1179.0,347.0,1.0,1184.2039,354.5693,0.0,1140.7961,291.4307,0.0,1159.0,545.0,1.0,1155.0,477.0,1.0,1180.0,424.0,1.0,1206.0,422.0,1.0,1192.0,467.0,1.0,1194.0,511.0,1.0,1083.0,380.0,1.0,1109.0,378.0,1.0,1153.0,358.0,1.0,1204.0,336.0,1.0,1228.0,334.0,1.0,1258.0,336.0,1.0,sports,618
10682,441,1,503,73,2.2803789158821828,491.0,132.0,1.0,471.0,30.0,1.0,466.6251,-0.62433,0.0,477.3749,74.6243,0.0,422.0,343.0,1.0,452.0,222.0,1.0,463.0,133.0,1.0,518.0,131.0,1.0,511.0,226.0,1.0,546.0,354.0,1.0,353.0,167.0,1.0,390.0,106.0,1.0,425.0,40.0,1.0,516.0,20.0,1.0,471.0,77.0,1.0,391.0,66.0,1.0,sports,752
10817,646,176,692,237,1.8336062827117494,724.0,301.0,0.0,690.0,234.0,0.0,687.5473,230.7882,0.0,650.4527,182.2118,0.0,827.0,367.0,1.0,758.0,355.0,1.0,725.0,301.0,0.0,722.0,301.0,1.0,680.0,354.0,1.0,674.0,418.0,1.0,677.0,276.0,1.0,706.0,277.0,0.0,689.0,239.0,0.0,691.0,228.0,1.0,737.0,243.0,1.0,732.0,288.0,1.0,sports,762
6189,341,41,406,107,2.2232084922471844,274.0,230.0,0.0,345.0,123.0,0.0,354.8705,106.0297,0.0,392.1295,41.9703,0.0,300.0,445.0,1.0,316.0,349.0,1.0,278.0,231.0,1.0,270.0,228.0,0.0,305.0,327.0,0.0,297.0,413.0,0.0,383.0,250.0,1.0,334.0,204.0,1.0,360.0,119.0,1.0,330.0,126.0,0.0,323.0,191.0,0.0,371.0,237.0,0.0,sports,251
9313,587,80,654,173,2.750906759597642,653.0,346.0,1.0,634.0,192.0,1.0,629.7551,171.4046,0.0,611.2449,81.5954,0.0,589.0,609.0,1.0,604.0,482.0,1.0,617.0,347.0,1.0,688.0,345.0,1.0,676.0,485.0,1.0,670.0,619.0,1.0,513.0,339.0,1.0,538.0,276.0,1.0,576.0,195.0,1.0,691.0,189.0,1.0,703.0,265.0,1.0,656.0,261.0,1.0,sports,627
6580,473,299,524,358,1.8716922824011433,522.0,443.0,0.0,503.0,362.0,1.0,502.6531,359.4172,0.0,494.3469,297.5828,0.0,452.0,545.0,0.0,481.0,474.0,0.0,499.0,445.0,0.0,545.0,440.0,1.0,532.0,458.0,1.0,513.0,529.0,1.0,383.0,320.0,1.0,420.0,344.0,1.0,462.0,373.0,1.0,544.0,351.0,1.0,572.0,301.0,1.0,606.0,250.0,1.0,sports,350
6466,380,52,423,112,1.7716162112602152,434.0,233.0,1.0,417.0,128.0,0.0,410.9284,109.9811,0.0,392.0716,54.0189,0.0,470.0,390.0,1.0,428.0,316.0,1.0,435.0,229.0,1.0,432.0,237.0,1.0,375.0,311.0,1.0,465.0,289.0,1.0,438.0,207.0,1.0,459.0,167.0,1.0,424.0,123.0,1.0,410.0,132.0,0.0,411.0,191.0,0.0,376.0,186.0,1.0,running,914
4539,573,448,626,525,2.243454479145944,627.0,683.0,1.0,588.0,552.0,0.0,593.0341,523.3276,0.0,605.9659,449.6724,0.0,725.0,869.0,1.0,715.0,757.0,1.0,641.0,683.0,1.0,612.0,683.0,1.0,629.0,786.0,1.0,515.0,814.0,1.0,717.0,631.0,1.0,641.0,619.0,1.0,598.0,554.0,1.0,577.0,550.0,0.0,636.0,616.0,0.0,689.0,633.0,0.0,sports,334
6648,1097,16,1187,122,3.33729471278759,1163.0,358.0,0.0,1183.0,146.0,0.0,1168.1418,118.0955,0.0,1115.8582,19.9045,0.0,1109.0,580.0,0.0,1133.0,448.0,0.0,1172.0,355.0,0.0,1154.0,360.0,1.0,1108.0,497.0,1.0,1117.0,634.0,1.0,1172.0,314.0,0.0,1215.0,238.0,0.0,1201.0,139.0,0.0,1164.0,153.0,1.0,1148.0,280.0,1.0,1089.0,375.0,1.0,walking,366
1669,1099,177,1148,238,1.877837053633781,1138.0,365.0,1.0,1122.0,269.0,1.0,1122.7369,238.788,0.0,1124.2631,176.212,0.0,1047.0,588.0,1.0,1074.0,466.0,1.0,1122.0,366.0,1.0,1153.0,363.0,1.0,1235.0,460.0,0.0,1262.0,582.0,1.0,1111.0,378.0,1.0,1065.0,342.0,1.0,1077.0,270.0,1.0,1167.0,267.0,1.0,1182.0,350.0,1.0,1205.0,407.0,0.0,sports,109
10663,469,154,515,226,2.0505608988762076,495.0,310.0,1.0,495.0,212.0,1.0,496.6176,223.8626,0.0,487.3824,156.1374,0.0,482.0,421.0,1.0,504.0,362.0,1.0,475.0,310.0,1.0,514.0,309.0,1.0,520.0,375.0,1.0,509.0,428.0,1.0,475.0,166.0,1.0,432.0,182.0,1.0,458.0,209.0,1.0,531.0,214.0,1.0,565.0,227.0,1.0,578.0,266.0,1.0,sports,752
6536,855,296,954,418,3.770750588410748,1016.0,674.0,1.0,945.0,442.0,1.0,931.5325,413.7349,0.0,877.4675,300.2651,0.0,1180.0,1002.0,1.0,1102.0,854.0,1.0,1047.0,665.0,1.0,984.0,682.0,1.0,867.0,861.0,1.0,889.0,1062.0,1.0,1151.0,573.0,1.0,1066.0,532.0,1.0,989.0,432.0,1.0,901.0,452.0,1.0,945.0,561.0,1.0,940.0,687.0,1.0,sports,348
654,286,1,338,41,1.5745170688182455,300.0,199.0,1.0,316.0,54.0,1.0,315.1577,47.0513,0.0,308.8423,-5.0513,0.0,,,,252.0,311.0,1.0,270.0,195.0,1.0,329.0,203.0,1.0,326.0,319.0,1.0,,,,,,,,,,273.0,50.0,1.0,359.0,57.0,1.0,,,,,,,walking,940
2453,843,178,910,272,2.7704151313476473,994.0,440.0,0.0,932.0,269.0,0.0,912.6824,253.6851,0.0,840.3176,196.3149,0.0,931.0,626.0,1.0,911.0,501.0,1.0,975.0,437.0,0.0,1012.0,442.0,1.0,1010.0,580.0,1.0,1146.0,573.0,1.0,1021.0,405.0,0.0,1036.0,341.0,1.0,964.0,259.0,0.0,899.0,278.0,1.0,920.0,389.0,1.0,904.0,448.0,1.0,running,160
4563,434,183,459,222,1.1117985429024448,445.0,319.0,1.0,450.0,242.0,1.0,448.1355,220.9577,0.0,444.8645,184.0423,0.0,472.0,452.0,1.0,468.0,389.0,1.0,462.0,320.0,1.0,428.0,317.0,1.0,436.0,380.0,1.0,441.0,461.0,1.0,514.0,278.0,1.0,505.0,260.0,1.0,485.0,244.0,1.0,415.0,240.0,1.0,391.0,283.0,1.0,393.0,306.0,1.0,sports,334
3682,292,187,319,231,1.2389673119174691,282.0,210.0,0.0,308.0,211.0,1.0,321.6245,221.8996,0.0,289.3755,196.1004,0.0,225.0,276.0,1.0,254.0,269.0,1.0,269.0,222.0,1.0,294.0,197.0,0.0,344.0,237.0,0.0,355.0,299.0,1.0,342.0,285.0,1.0,304.0,274.0,1.0,287.0,220.0,1.0,329.0,202.0,1.0,348.0,230.0,1.0,350.0,269.0,1.0,sports,268
6069,438,175,508,265,2.736421020237931,363.0,338.0,1.0,436.0,255.0,0.0,439.8679,251.3411,0.0,506.1321,188.6589,0.0,350.0,537.0,1.0,378.0,436.0,1.0,335.0,340.0,1.0,391.0,335.0,1.0,449.0,407.0,1.0,441.0,514.0,0.0,441.0,378.0,1.0,399.0,309.0,1.0,405.0,264.0,1.0,467.0,245.0,0.0,504.0,292.0,1.0,530.0,357.0,1.0,bicycling,238
2019,496,35,546,110,2.1633307652783937,623.0,175.0,1.0,555.0,99.0,0.0,549.438,94.6649,0.0,492.562,50.3351,0.0,564.0,333.0,1.0,562.0,253.0,1.0,588.0,185.0,1.0,658.0,164.0,1.0,620.0,266.0,1.0,646.0,354.0,1.0,455.0,213.0,1.0,484.0,164.0,1.0,520.0,105.0,0.0,589.0,92.0,1.0,566.0,181.0,1.0,544.0,240.0,1.0,bicycling,840
6003,896,92,967,184,2.7890643592430777,1010.0,334.0,0.0,950.0,182.0,0.0,949.5168,180.8508,0.0,913.4832,95.1492,0.0,847.0,424.0,1.0,883.0,317.0,1.0,1000.0,323.0,0.0,1019.0,344.0,1.0,915.0,389.0,1.0,878.0,513.0,1.0,807.0,262.0,1.0,859.0,242.0,0.0,947.0,176.0,0.0,953.0,187.0,1.0,857.0,232.0,1.0,790.0,251.0,1.0,bicycling,840
2115,557,126,631,228,3.0243809283884855,386.0,314.0,1.0,523.0,176.0,0.0,543.5987,176.2901,0.0,644.4013,177.7099,0.0,466.0,619.0,1.0,472.0,484.0,1.0,405.0,319.0,1.0,366.0,308.0,1.0,385.0,475.0,1.0,379.0,612.0,1.0,554.0,381.0,1.0,523.0,334.0,1.0,525.0,195.0,1.0,521.0,157.0,0.0,488.0,285.0,0.0,512.0,377.0,1.0,sports,144
6856,385,173,505,313,4.425381339500585,388.0,484.0,0.0,498.0,322.0,0.0,486.0914,304.2495,0.0,403.9086,181.7505,0.0,144.0,224.0,1.0,276.0,330.0,1.0,398.0,435.0,0.0,377.0,532.0,1.0,195.0,574.0,1.0,129.0,617.0,1.0,671.0,615.0,1.0,625.0,472.0,1.0,559.0,311.0,0.0,437.0,332.0,1.0,481.0,479.0,1.0,435.0,625.0,1.0,sports,385
8434,906,380,935,415,1.0908785450268972,891.0,464.0,1.0,921.0,416.0,0.0,920.9912,415.6747,0.0,920.0088,379.3253,0.0,868.0,562.0,1.0,902.0,530.0,1.0,900.0,462.0,1.0,881.0,466.0,1.0,897.0,514.0,0.0,878.0,553.0,0.0,918.0,456.0,1.0,937.0,429.0,1.0,945.0,417.0,1.0,897.0,415.0,0.0,884.0,437.0,0.0,897.0,449.0,0.0,sports,929
8670,654,109,706,176,2.0354773395938364,548.0,226.0,0.0,636.0,158.0,0.0,648.0027,153.7718,0.0,711.9973,131.2282,0.0,622.0,398.0,1.0,626.0,285.0,1.0,542.0,230.0,1.0,554.0,221.0,0.0,585.0,290.0,0.0,544.0,366.0,0.0,729.0,265.0,1.0,680.0,215.0,1.0,651.0,164.0,1.0,620.0,152.0,0.0,625.0,224.0,1.0,655.0,262.0,1.0,bicycling,550
2060,868,165,1022,324,5.312463835171021,825.0,611.0,0.0,908.0,338.0,0.0,912.4205,326.8292,0.0,977.5795,162.1708,0.0,519.0,869.0,1.0,578.0,618.0,1.0,801.0,628.0,0.0,848.0,593.0,1.0,677.0,448.0,1.0,457.0,519.0,1.0,674.0,203.0,0.0,724.0,348.0,1.0,888.0,330.0,0.0,928.0,345.0,1.0,733.0,302.0,1.0,665.0,193.0,1.0,sports,135
3678,594,53,710,228,5.0389141687470715,718.0,686.0,0.0,699.0,314.0,0.0,673.0,221.0,0.0,630.0,59.0,0.0,,,,,,,654.0,661.0,0.0,781.0,710.0,0.0,,,,,,,576.0,580.0,0.0,601.0,450.0,0.0,599.0,290.0,0.0,799.0,338.0,0.0,838.0,537.0,0.0,747.0,715.0,0.0,sports,264
1978,854,169,932,275,3.158531304261523,884.0,517.0,1.0,898.0,318.0,1.0,895.7381,274.5709,0.0,890.2619,169.4291,0.0,860.0,660.0,1.0,887.0,596.0,1.0,839.0,514.0,1.0,928.0,519.0,1.0,919.0,703.0,1.0,928.0,861.0,1.0,680.0,478.0,1.0,778.0,434.0,1.0,830.0,323.0,1.0,965.0,313.0,1.0,1006.0,421.0,1.0,1095.0,441.0,1.0,sports,378
9235,792,99,951,280,5.782057765190521,845.0,561.0,0.0,861.0,323.0,1.0,863.9439,285.5709,0.0,879.0561,93.4291,0.0,,,,712.0,661.0,1.0,861.0,545.0,0.0,828.0,576.0,1.0,,,,,,,822.0,419.0,0.0,913.0,402.0,0.0,903.0,309.0,1.0,818.0,336.0,1.0,743.0,454.0,1.0,729.0,406.0,1.0,sports,618
7248,204,125,255,204,2.2567658274619458,221.0,372.0,0.0,236.0,223.0,0.0,233.0,201.0,0.0,225.0,127.0,0.0,,,,212.0,474.0,0.0,202.0,373.0,0.0,239.0,371.0,0.0,231.0,475.0,0.0,,,,175.0,283.0,0.0,145.0,284.0,0.0,180.0,220.0,0.0,292.0,225.0,0.0,319.0,246.0,0.0,314.0,299.0,0.0,walking,425
2365,213,162,345,368,5.871912805892131,306.0,880.0,1.0,329.0,392.0,1.0,314.8512,356.062,0.0,243.1488,173.938,0.0,,,,227.0,1071.0,1.0,213.0,879.0,1.0,398.0,881.0,1.0,405.0,1079.0,1.0,,,,181.0,352.0,1.0,102.0,530.0,1.0,213.0,388.0,1.0,444.0,395.0,1.0,480.0,629.0,1.0,509.0,800.0,1.0,running,914
1731,351,213,436,335,3.5685829120254438,568.0,473.0,0.0,473.0,308.0,0.0,448.1852,297.3874,0.0,338.8148,250.6126,0.0,,,,,,,532.0,474.0,0.0,604.0,471.0,1.0,,,,,,,433.0,394.0,0.0,499.0,411.0,0.0,442.0,325.0,0.0,503.0,291.0,1.0,545.0,420.0,1.0,460.0,418.0,1.0,sports,113
2447,896,56,1013,200,4.452954075667074,912.0,542.0,0.0,917.0,254.0,0.0,933.3296,199.1324,0.0,975.6704,56.8676,0.0,1051.0,896.0,1.0,999.0,739.0,1.0,942.0,553.0,1.0,882.0,530.0,0.0,879.0,747.0,1.0,685.0,727.0,1.0,1057.0,404.0,1.0,965.0,416.0,1.0,954.0,267.0,1.0,879.0,241.0,0.0,811.0,364.0,1.0,928.0,413.0,0.0,running,160
3352,862,255,949,386,3.774186004955241,932.0,697.0,1.0,916.0,426.0,1.0,911.7297,383.0939,0.0,899.2703,257.9061,0.0,,,,924.0,896.0,1.0,893.0,682.0,1.0,970.0,711.0,1.0,944.0,903.0,0.0,905.0,881.0,0.0,797.0,566.0,1.0,797.0,509.0,1.0,814.0,429.0,1.0,1018.0,422.0,1.0,1073.0,542.0,1.0,977.0,566.0,1.0,running,241
4463,469,112,590,275,4.872059112941878,863.0,273.0,0.0,656.0,195.0,0.0,610.6953,194.4628,0.0,448.3047,192.5372,0.0,423.0,408.0,1.0,630.0,346.0,1.0,832.0,278.0,0.0,894.0,268.0,1.0,733.0,386.0,1.0,543.0,450.0,1.0,714.0,532.0,1.0,685.0,392.0,0.0,642.0,185.0,0.0,669.0,204.0,1.0,737.0,398.0,0.0,756.0,537.0,1.0,sports,328
249,709,186,762,253,2.05027998088066,644.0,304.0,1.0,705.0,242.0,0.0,708.0015,239.7858,0.0,762.9985,199.2142,0.0,722.0,439.0,1.0,712.0,361.0,1.0,658.0,309.0,1.0,629.0,298.0,1.0,699.0,359.0,0.0,700.0,423.0,0.0,795.0,319.0,1.0,750.0,297.0,1.0,719.0,250.0,1.0,690.0,234.0,0.0,717.0,303.0,1.0,758.0,316.0,1.0,sports,923
1740,119,115,177,203,2.5294679282410364,119.0,391.0,0.0,104.0,220.0,0.0,123.0,193.0,0.0,172.0,124.0,0.0,,,,74.0,474.0,0.0,91.0,391.0,0.0,146.0,390.0,0.0,183.0,475.0,0.0,,,,153.0,220.0,0.0,109.0,275.0,0.0,69.0,214.0,0.0,139.0,225.0,0.0,149.0,290.0,0.0,178.0,273.0,0.0,sports,113
267,923,89,1044,251,4.852809495539672,1020.0,686.0,1.0,1009.0,316.0,1.0,997.4157,249.674,0.0,969.5843,90.326,0.0,,,,931.0,925.0,1.0,938.0,678.0,1.0,1101.0,694.0,1.0,1051.0,934.0,1.0,,,,708.0,443.0,1.0,820.0,505.0,1.0,910.0,326.0,1.0,1107.0,306.0,1.0,1089.0,412.0,1.0,962.0,403.0,1.0,sports,67
8222,201,15,241,64,1.518083001683373,216.0,124.0,0.0,215.0,69.0,0.0,215.9572,64.2938,0.0,226.0428,14.7062,0.0,187.0,204.0,0.0,193.0,158.0,1.0,203.0,126.0,1.0,229.0,121.0,0.0,264.0,158.0,0.0,256.0,199.0,0.0,199.0,99.0,1.0,176.0,97.0,1.0,194.0,67.0,1.0,236.0,71.0,0.0,246.0,99.0,0.0,231.0,104.0,0.0,sports,482
2840,817,50,881,139,2.630929873637836,872.0,298.0,0.0,871.0,147.0,0.0,865.9469,134.9416,0.0,832.0531,54.0584,0.0,805.0,440.0,0.0,753.0,357.0,1.0,874.0,290.0,0.0,870.0,306.0,1.0,784.0,447.0,1.0,840.0,572.0,0.0,835.0,176.0,0.0,872.0,165.0,0.0,888.0,147.0,0.0,854.0,147.0,1.0,861.0,262.0,1.0,808.0,307.0,1.0,bicycling,200
2441,641,216,775,404,5.5408302626952946,610.0,793.0,0.0,620.0,404.0,0.0,644.8877,377.4154,0.0,771.1123,242.5846,0.0,,,,,,,587.0,790.0,1.0,632.0,796.0,0.0,,,,,,,740.0,640.0,1.0,604.0,579.0,1.0,657.0,418.0,1.0,582.0,390.0,0.0,459.0,546.0,1.0,540.0,632.0,0.0,running,160
6624,621,212,680,284,2.234063562211246,663.0,422.0,1.0,679.0,309.0,0.0,666.261,281.7341,0.0,634.739,214.2659,0.0,692.0,593.0,0.0,594.0,530.0,1.0,648.0,423.0,1.0,677.0,420.0,1.0,640.0,529.0,1.0,698.0,614.0,1.0,594.0,413.0,1.0,653.0,394.0,0.0,660.0,319.0,0.0,697.0,298.0,1.0,701.0,375.0,1.0,636.0,375.0,1.0,sports,362
8839,288,113,323,160,1.4064081911024267,296.0,254.0,1.0,308.0,176.0,0.0,306.9806,159.8933,0.0,304.0194,113.1067,0.0,283.0,418.0,1.0,283.0,322.0,0.0,284.0,254.0,1.0,308.0,254.0,1.0,303.0,322.0,0.0,308.0,394.0,1.0,274.0,235.0,0.0,275.0,208.0,0.0,283.0,180.0,0.0,333.0,172.0,1.0,356.0,211.0,1.0,337.0,245.0,1.0,dancing,580
6505,1138,332,1242,454,3.847492690051536,1052.0,571.0,1.0,1182.0,368.0,0.0,1170.4563,331.9259,0.0,1209.5437,454.0741,0.0,1058.0,754.0,1.0,1225.0,715.0,1.0,1104.0,570.0,1.0,999.0,572.0,1.0,1068.0,712.0,0.0,972.0,739.0,1.0,1323.0,555.0,0.0,1278.0,516.0,1.0,1229.0,379.0,1.0,1134.0,357.0,0.0,1070.0,440.0,0.0,1156.0,536.0,0.0,walking,309
6556,965,521,1086,671,4.6252800996264,1196.0,710.0,1.0,1047.0,657.0,1.0,1051.1253,668.7042,0.0,999.8747,523.2958,0.0,1322.0,747.0,1.0,1275.0,779.0,1.0,1172.0,764.0,1.0,1219.0,656.0,1.0,1322.0,615.0,1.0,1401.0,548.0,1.0,1108.0,916.0,1.0,1067.0,805.0,1.0,988.0,714.0,1.0,1105.0,600.0,1.0,1158.0,586.0,1.0,1202.0,568.0,1.0,sports,350
2028,694,175,721,210,1.0608977330544165,667.0,262.0,0.0,695.0,213.0,1.0,698.2948,207.5965,0.0,716.7052,177.4035,0.0,701.0,302.0,1.0,680.0,257.0,1.0,654.0,259.0,1.0,679.0,265.0,0.0,730.0,283.0,0.0,723.0,327.0,0.0,684.0,238.0,1.0,676.0,224.0,1.0,681.0,208.0,1.0,708.0,218.0,1.0,739.0,233.0,0.0,752.0,218.0,1.0,bicycling,840
4581,798,135,854,217,2.383140784762831,864.0,409.0,0.0,827.0,244.0,1.0,826.584,215.7147,0.0,825.416,136.2853,0.0,882.0,533.0,1.0,819.0,501.0,1.0,874.0,410.0,0.0,854.0,408.0,1.0,781.0,497.0,1.0,818.0,610.0,1.0,827.0,357.0,0.0,866.0,315.0,0.0,801.0,234.0,1.0,853.0,253.0,1.0,895.0,343.0,1.0,850.0,389.0,1.0,running,335
6721,679,83,743,172,2.630929873637836,756.0,308.0,0.0,737.0,183.0,0.0,729.6018,167.2076,0.0,692.3982,87.7924,0.0,638.0,501.0,0.0,681.0,378.0,0.0,740.0,314.0,0.0,771.0,301.0,0.0,793.0,375.0,1.0,848.0,509.0,1.0,668.0,301.0,1.0,694.0,259.0,1.0,703.0,189.0,0.0,771.0,176.0,1.0,803.0,262.0,1.0,758.0,245.0,1.0,sports,373
10756,896,151,1004,307,4.553679830642466,955.0,569.0,1.0,948.0,347.0,1.0,948.7138,304.8838,0.0,951.2862,153.1162,0.0,923.0,928.0,1.0,923.0,783.0,1.0,915.0,572.0,1.0,994.0,566.0,1.0,1026.0,785.0,1.0,999.0,894.0,1.0,743.0,447.0,1.0,807.0,479.0,1.0,849.0,352.0,1.0,1047.0,342.0,1.0,1105.0,453.0,1.0,1187.0,445.0,1.0,sports,378
265,604,88,692,214,3.6885118950601203,565.0,375.0,1.0,612.0,202.0,1.0,612.5483,201.2233,0.0,683.4517,100.7767,0.0,388.0,603.0,1.0,444.0,492.0,1.0,520.0,373.0,1.0,610.0,376.0,1.0,696.0,471.0,1.0,705.0,615.0,1.0,481.0,362.0,1.0,490.0,257.0,1.0,545.0,182.0,1.0,679.0,222.0,1.0,679.0,335.0,1.0,662.0,451.0,1.0,sports,67
9297,390,34,433,92,1.7328265925937307,405.0,211.0,1.0,407.0,113.0,1.0,408.9112,91.7642,0.0,414.0888,34.2358,0.0,361.0,378.0,1.0,376.0,289.0,1.0,381.0,213.0,1.0,428.0,208.0,1.0,440.0,291.0,1.0,448.0,379.0,1.0,356.0,219.0,1.0,359.0,165.0,1.0,369.0,109.0,1.0,445.0,116.0,1.0,451.0,172.0,1.0,450.0,228.0,1.0,sports,627
9223,683,338,738,397,1.9358347036872754,796.0,419.0,0.0,730.0,386.0,0.0,733.9063,389.706,0.0,687.0937,345.294,0.0,820.0,532.0,1.0,754.0,496.0,1.0,792.0,430.0,1.0,799.0,407.0,0.0,754.0,473.0,0.0,765.0,557.0,1.0,858.0,427.0,1.0,804.0,411.0,0.0,744.0,386.0,0.0,715.0,386.0,1.0,697.0,434.0,1.0,669.0,421.0,1.0,sports,930
5599,302,212,353,248,1.4982229473613065,422.0,236.0,0.0,367.0,232.0,0.0,352.4384,231.2627,0.0,302.5616,228.7373,0.0,413.0,329.0,1.0,386.0,285.0,0.0,413.0,242.0,0.0,431.0,229.0,1.0,421.0,286.0,1.0,467.0,313.0,1.0,377.0,309.0,0.0,380.0,274.0,0.0,357.0,244.0,0.0,376.0,220.0,1.0,419.0,256.0,1.0,406.0,286.0,1.0,sports,929
4464,486,104,540,181,2.2571486437538844,515.0,373.0,1.0,515.0,216.0,1.0,514.0233,180.1052,0.0,511.9767,104.8948,0.0,528.0,620.0,1.0,513.0,487.0,1.0,481.0,367.0,1.0,548.0,378.0,1.0,507.0,493.0,0.0,481.0,594.0,1.0,317.0,293.0,1.0,398.0,258.0,1.0,459.0,213.0,1.0,571.0,219.0,1.0,635.0,261.0,1.0,693.0,290.0,1.0,sports,328
7619,517,87,574,152,2.0748551756688944,649.0,182.0,1.0,584.0,103.0,0.0,577.2849,105.8779,0.0,513.7151,133.1221,0.0,621.0,396.0,1.0,575.0,285.0,1.0,663.0,196.0,1.0,634.0,168.0,1.0,533.0,257.0,1.0,519.0,389.0,1.0,599.0,253.0,0.0,610.0,170.0,0.0,599.0,115.0,0.0,568.0,90.0,1.0,498.0,135.0,1.0,472.0,202.0,1.0,bicycling,454
3826,794,63,896,192,3.9468873812157343,825.0,583.0,0.0,816.0,255.0,0.0,830.4106,191.6432,0.0,859.5894,63.3568,0.0,,,,,,,865.0,586.0,1.0,785.0,579.0,0.0,,,,,,,1016.0,563.0,1.0,912.0,428.0,1.0,834.0,274.0,1.0,797.0,235.0,0.0,717.0,387.0,1.0,664.0,504.0,1.0,dancing,282
9300,413,76,456,135,1.752164375850622,490.0,232.0,1.0,449.0,145.0,1.0,444.5634,132.914,0.0,424.4366,78.086,0.0,422.0,367.0,1.0,457.0,309.0,1.0,471.0,237.0,1.0,508.0,227.0,1.0,513.0,308.0,1.0,499.0,365.0,1.0,423.0,242.0,1.0,404.0,207.0,1.0,416.0,167.0,1.0,481.0,122.0,1.0,519.0,148.0,1.0,546.0,176.0,1.0,sports,627
10812,1042,144,1169,307,4.959238651244766,862.0,520.0,1.0,1027.0,341.0,1.0,1059.039,293.8598,0.0,1151.961,157.1402,0.0,553.0,818.0,1.0,728.0,732.0,1.0,800.0,531.0,1.0,923.0,509.0,1.0,1044.0,669.0,1.0,1023.0,899.0,1.0,1009.0,689.0,1.0,975.0,529.0,1.0,978.0,348.0,1.0,1075.0,334.0,1.0,1104.0,486.0,1.0,1153.0,635.0,1.0,sports,762
6644,751,150,872,302,4.662737393420307,1061.0,376.0,0.0,879.0,272.0,0.0,875.7181,269.7634,0.0,747.2819,182.2366,0.0,,,,965.0,530.0,1.0,1049.0,367.0,0.0,1072.0,384.0,1.0,1012.0,613.0,1.0,,,,632.0,346.0,1.0,758.0,293.0,1.0,874.0,222.0,0.0,884.0,322.0,1.0,851.0,454.0,1.0,785.0,537.0,1.0,walking,366
3191,578,135,631,219,2.38374495280011,592.0,452.0,1.0,600.0,259.0,1.0,602.323,216.6694,0.0,606.677,137.3306,0.0,569.0,716.0,1.0,569.0,594.0,1.0,562.0,455.0,1.0,622.0,448.0,1.0,652.0,594.0,1.0,619.0,567.0,1.0,569.0,165.0,1.0,495.0,195.0,1.0,545.0,259.0,1.0,654.0,258.0,1.0,739.0,232.0,1.0,673.0,211.0,1.0,dancing,226
5894,327,129,359,175,1.3448568697077026,345.0,255.0,1.0,345.0,178.0,1.0,344.7191,174.3483,0.0,341.2809,129.6517,0.0,296.0,371.0,1.0,312.0,307.0,1.0,327.0,257.0,1.0,362.0,253.0,1.0,347.0,313.0,1.0,331.0,375.0,1.0,288.0,243.0,1.0,301.0,212.0,1.0,317.0,180.0,1.0,372.0,176.0,1.0,388.0,219.0,1.0,394.0,248.0,1.0,sports,931
8577,215,96,260,151,1.7055204484262274,243.0,266.0,1.0,238.0,160.0,1.0,237.8894,151.9227,0.0,237.1106,95.0773,0.0,191.0,408.0,1.0,211.0,346.0,1.0,220.0,268.0,1.0,266.0,263.0,1.0,299.0,343.0,1.0,337.0,407.0,1.0,236.0,237.0,1.0,196.0,223.0,1.0,205.0,161.0,1.0,271.0,159.0,1.0,294.0,197.0,1.0,322.0,222.0,1.0,sports,522
9765,454,77,557,235,4.526593421105987,387.0,431.0,0.0,462.0,254.0,1.0,474.8923,224.9554,0.0,536.1077,87.0446,0.0,,,,363.0,594.0,0.0,348.0,429.0,1.0,425.0,433.0,0.0,429.0,605.0,0.0,,,,503.0,456.0,1.0,408.0,408.0,1.0,377.0,249.0,1.0,547.0,259.0,1.0,561.0,404.0,1.0,599.0,501.0,1.0,sports,691
5594,684,73,758,124,2.156931153282366,774.0,198.0,1.0,759.0,113.0,1.0,754.5868,111.316,0.0,687.4132,85.684,0.0,734.0,451.0,1.0,730.0,354.0,1.0,802.0,208.0,1.0,746.0,188.0,1.0,663.0,307.0,1.0,672.0,445.0,1.0,862.0,211.0,1.0,875.0,180.0,1.0,821.0,141.0,1.0,697.0,84.0,1.0,625.0,46.0,1.0,578.0,52.0,1.0,sports,929
259,287,20,337,93,2.1235592763094693,307.0,249.0,1.0,307.0,102.0,1.0,308.134,91.6809,0.0,315.866,21.3191,0.0,275.0,432.0,1.0,276.0,333.0,1.0,267.0,254.0,1.0,346.0,243.0,1.0,356.0,328.0,1.0,350.0,432.0,1.0,206.0,236.0,1.0,228.0,175.0,1.0,260.0,107.0,1.0,354.0,96.0,1.0,369.0,164.0,1.0,392.0,209.0,1.0,sports,65
6433,884,35,1128,342,9.411703352741203,533.0,874.0,0.0,849.0,455.0,0.0,926.3793,323.6523,0.0,1085.6207,53.3477,0.0,,,,,,,489.0,869.0,1.0,576.0,879.0,0.0,,,,,,,917.0,956.0,1.0,624.0,766.0,1.0,824.0,475.0,1.0,874.0,434.0,0.0,836.0,788.0,1.0,949.0,922.0,0.0,sports,305
10822,967,235,1075,387,4.475083015989759,994.0,507.0,1.0,1007.0,370.0,1.0,1003.7801,383.5697,0.0,1038.2199,238.4303,0.0,698.0,825.0,1.0,822.0,648.0,1.0,944.0,511.0,1.0,1044.0,503.0,1.0,1181.0,611.0,0.0,1245.0,815.0,1.0,907.0,664.0,1.0,891.0,545.0,1.0,920.0,376.0,1.0,1094.0,363.0,1.0,1144.0,490.0,1.0,1147.0,593.0,0.0,sports,762
2795,817,290,883,380,2.6785548342343115,812.0,642.0,1.0,847.0,425.0,1.0,848.5127,379.6178,0.0,851.4873,290.3822,0.0,,,,,,,775.0,639.0,1.0,848.0,644.0,1.0,,,,,,,749.0,593.0,1.0,762.0,505.0,1.0,778.0,408.0,1.0,916.0,442.0,1.0,917.0,562.0,1.0,893.0,650.0,1.0,sports,196
7078,981,158,1068,263,3.2726356350806913,1013.0,540.0,1.0,1032.0,314.0,1.0,1028.4421,264.9013,0.0,1020.5579,156.0987,0.0,902.0,845.0,1.0,927.0,693.0,1.0,963.0,531.0,1.0,1063.0,549.0,1.0,1045.0,733.0,1.0,1005.0,863.0,1.0,826.0,446.0,1.0,884.0,384.0,1.0,947.0,308.0,1.0,1117.0,319.0,1.0,1131.0,406.0,1.0,1139.0,462.0,1.0,walking,410
8920,390,127,445,174,1.7363133357778482,397.0,256.0,1.0,401.0,192.0,0.0,406.8084,177.3911,0.0,428.1916,123.6089,0.0,363.0,348.0,0.0,339.0,300.0,1.0,382.0,251.0,1.0,411.0,261.0,1.0,369.0,321.0,1.0,370.0,363.0,1.0,349.0,200.0,0.0,373.0,226.0,0.0,383.0,188.0,0.0,418.0,196.0,1.0,400.0,228.0,1.0,359.0,208.0,1.0,sports,585
10838,1035,436,1100,521,2.568112147083923,1066.0,703.0,1.0,1059.0,558.0,1.0,1062.9496,521.0593,0.0,1072.0504,435.9407,0.0,1124.0,913.0,1.0,1121.0,814.0,1.0,1100.0,703.0,1.0,1032.0,703.0,1.0,1023.0,828.0,1.0,1013.0,941.0,1.0,1177.0,689.0,1.0,1133.0,641.0,1.0,1117.0,561.0,1.0,1001.0,554.0,1.0,977.0,631.0,1.0,1008.0,662.0,0.0,sports,762
446,724,66,862,255,5.616461519497841,843.0,625.0,1.0,818.0,308.0,1.0,808.6426,252.7914,0.0,777.3574,68.2086,0.0,831.0,1050.0,0.0,807.0,893.0,0.0,745.0,632.0,1.0,941.0,618.0,1.0,982.0,864.0,0.0,997.0,1036.0,1.0,624.0,517.0,1.0,671.0,469.0,1.0,686.0,321.0,1.0,950.0,294.0,1.0,1027.0,458.0,1.0,1086.0,582.0,1.0,bicycling,841
6857,483,195,531,261,1.958611753257904,586.0,312.0,0.0,537.0,225.0,0.0,539.4815,224.7518,0.0,474.5185,231.2482,0.0,586.0,323.0,0.0,560.0,283.0,0.0,595.0,309.0,0.0,576.0,315.0,1.0,522.0,301.0,1.0,499.0,375.0,1.0,575.0,200.0,0.0,567.0,185.0,1.0,551.0,205.0,0.0,522.0,245.0,1.0,483.0,277.0,1.0,470.0,250.0,1.0,sports,385
5893,846,87,991,300,6.184087968326454,938.0,785.0,1.0,961.0,387.0,1.0,940.6107,294.1686,0.0,896.3893,92.8314,0.0,,,,,,,873.0,789.0,1.0,1003.0,780.0,1.0,,,,,,,773.0,640.0,0.0,770.0,566.0,0.0,811.0,379.0,1.0,1111.0,395.0,1.0,1170.0,556.0,1.0,1080.0,590.0,0.0,walking,940
2090,1567,411,1696,564,4.802999063085481,1472.0,498.0,0.0,1585.0,492.0,0.0,1551.8222,495.2108,0.0,1711.1778,479.7892,0.0,1415.0,826.0,1.0,1463.0,646.0,1.0,1403.0,460.0,1.0,1540.0,535.0,0.0,1561.0,682.0,1.0,1496.0,800.0,0.0,1482.0,711.0,1.0,1439.0,612.0,1.0,1523.0,480.0,1.0,1646.0,504.0,0.0,1715.0,612.0,1.0,1696.0,718.0,1.0,bicycling,840
8188,617,143,661,195,1.6348210911289345,643.0,332.0,1.0,644.0,211.0,1.0,642.2209,196.056,0.0,635.7791,141.944,0.0,622.0,469.0,1.0,625.0,396.0,1.0,628.0,334.0,1.0,658.0,330.0,1.0,664.0,413.0,1.0,665.0,487.0,1.0,588.0,302.0,1.0,580.0,257.0,1.0,606.0,212.0,1.0,682.0,210.0,1.0,699.0,256.0,1.0,657.0,253.0,1.0,dancing,479
10766,628,83,692,172,2.630929873637836,656.0,339.0,1.0,655.0,197.0,1.0,656.8535,171.2358,0.0,663.1465,83.7642,0.0,636.0,537.0,1.0,630.0,456.0,1.0,630.0,339.0,1.0,681.0,339.0,1.0,677.0,445.0,1.0,673.0,537.0,1.0,511.0,310.0,1.0,566.0,261.0,1.0,596.0,198.0,1.0,713.0,195.0,1.0,736.0,266.0,1.0,798.0,319.0,1.0,sports,378
8569,652,98,717,184,2.5872178106993617,719.0,333.0,0.0,699.0,196.0,0.0,700.0,180.0,0.0,668.0,101.0,0.0,583.0,608.0,0.0,629.0,492.0,0.0,686.0,334.0,0.0,750.0,336.0,0.0,787.0,488.0,0.0,783.0,610.0,0.0,730.0,173.0,0.0,686.0,244.0,0.0,652.0,195.0,0.0,753.0,182.0,0.0,790.0,233.0,0.0,755.0,168.0,0.0,sports,522
6098,340,80,427,222,3.9967746996797304,445.0,373.0,0.0,409.0,209.0,1.0,410.31,211.9795,0.0,356.69,90.0205,0.0,,,,321.0,450.0,1.0,412.0,369.0,1.0,478.0,376.0,0.0,,,,,,,288.0,391.0,1.0,306.0,334.0,1.0,349.0,239.0,1.0,469.0,179.0,1.0,523.0,281.0,1.0,501.0,350.0,1.0,bicycling,238
8831,621,202,739,346,4.468127124422492,789.0,596.0,0.0,719.0,377.0,0.0,706.3699,343.6436,0.0,653.6301,204.3564,0.0,768.0,850.0,0.0,671.0,708.0,0.0,738.0,593.0,0.0,840.0,598.0,0.0,752.0,721.0,0.0,834.0,890.0,0.0,703.0,556.0,0.0,733.0,438.0,0.0,669.0,355.0,0.0,768.0,398.0,1.0,848.0,457.0,1.0,885.0,532.0,0.0,dancing,580
7618,637,368,706,467,2.8961546920011028,637.0,517.0,0.0,644.0,433.0,0.0,629.4501,441.2008,0.0,713.5499,393.7992,0.0,746.0,581.0,1.0,664.0,503.0,0.0,615.0,530.0,1.0,659.0,503.0,0.0,731.0,471.0,0.0,771.0,559.0,1.0,732.0,481.0,0.0,678.0,525.0,1.0,615.0,454.0,1.0,673.0,412.0,0.0,754.0,435.0,1.0,720.0,481.0,1.0,bicycling,454
256,1082,453,1279,719,7.944145013782162,773.0,76.0,0.0,1127.0,403.0,1.0,1143.3473,458.917,0.0,1217.6527,713.083,0.0,262.0,764.0,0.0,538.0,541.0,1.0,677.0,94.0,1.0,869.0,57.0,0.0,975.0,724.0,0.0,655.0,829.0,1.0,969.0,1068.0,1.0,935.0,798.0,1.0,935.0,404.0,1.0,1319.0,401.0,1.0,1372.0,755.0,1.0,1428.0,1056.0,1.0,sports,64
9701,188,181,213,213,0.9745891442038537,200.0,263.0,1.0,202.0,225.0,1.0,201.3689,213.2199,0.0,199.6311,180.7801,0.0,222.0,334.0,1.0,225.0,296.0,1.0,209.0,262.0,1.0,190.0,264.0,1.0,170.0,301.0,1.0,157.0,334.0,1.0,226.0,271.0,0.0,236.0,254.0,1.0,224.0,222.0,1.0,180.0,228.0,1.0,182.0,251.0,1.0,198.0,252.0,0.0,sports,804
8224,339,47,391,105,1.8695368410384425,368.0,183.0,0.0,366.0,122.0,0.0,365.6772,107.1516,0.0,364.3228,44.8484,0.0,290.0,265.0,0.0,301.0,204.0,0.0,357.0,180.0,0.0,378.0,186.0,1.0,336.0,208.0,1.0,330.0,268.0,1.0,317.0,158.0,0.0,347.0,153.0,0.0,352.0,122.0,0.0,379.0,121.0,1.0,352.0,149.0,1.0,321.0,154.0,1.0,sports,482
4446,252,366,363,478,3.7844735433082373,593.0,380.0,0.0,407.0,417.0,0.0,370.4951,418.8344,0.0,244.5049,425.1656,0.0,959.0,353.0,0.0,787.0,362.0,0.0,596.0,379.0,0.0,590.0,381.0,1.0,779.0,366.0,1.0,952.0,355.0,1.0,598.0,559.0,1.0,518.0,486.0,1.0,407.0,409.0,0.0,407.0,425.0,1.0,509.0,503.0,1.0,596.0,592.0,1.0,sports,328
8611,1645,599,1677,642,1.2864089551927098,1674.0,722.0,0.0,1672.0,655.0,0.0,1667.5129,640.927,0.0,1654.4871,600.073,0.0,1714.0,814.0,1.0,1668.0,779.0,1.0,1673.0,722.0,0.0,1674.0,722.0,0.0,1661.0,769.0,1.0,1652.0,817.0,1.0,1674.0,710.0,0.0,1677.0,676.0,0.0,1674.0,647.0,0.0,1670.0,663.0,1.0,1676.0,692.0,1.0,1668.0,732.0,1.0,sports,538
10568,776,165,827,233,2.04,867.0,304.0,1.0,823.0,219.0,0.0,826.3943,222.1575,0.0,776.6057,175.8425,0.0,884.0,443.0,0.0,865.0,373.0,1.0,886.0,307.0,1.0,847.0,301.0,1.0,796.0,361.0,1.0,846.0,417.0,1.0,825.0,326.0,0.0,844.0,272.0,0.0,859.0,210.0,0.0,787.0,227.0,1.0,777.0,283.0,1.0,752.0,326.0,1.0,bicycling,745
8028,786,254,863,343,2.8244645510255566,682.0,427.0,1.0,826.0,372.0,1.0,825.4605,345.5646,0.0,823.5395,251.4354,0.0,613.0,428.0,1.0,686.0,349.0,0.0,702.0,405.0,1.0,662.0,448.0,1.0,627.0,295.0,1.0,482.0,287.0,1.0,887.0,216.0,1.0,872.0,309.0,1.0,866.0,347.0,1.0,785.0,396.0,1.0,679.0,326.0,1.0,628.0,235.0,1.0,sports,471
2043,541,96,649,232,4.167992322449743,392.0,446.0,0.0,564.0,232.0,1.0,566.1845,227.2081,0.0,623.8155,100.7919,0.0,242.0,879.0,1.0,292.0,646.0,1.0,417.0,465.0,0.0,367.0,427.0,0.0,109.0,501.0,1.0,3.0,561.0,0.0,802.0,157.0,1.0,773.0,304.0,1.0,670.0,254.0,1.0,458.0,210.0,1.0,292.0,189.0,1.0,270.0,54.0,1.0,sports,135
463,254,27,323,115,2.6838181756594466,237.0,256.0,1.0,271.0,109.0,1.0,269.7893,111.6289,0.0,307.2107,30.3711,0.0,312.0,439.0,1.0,220.0,370.0,1.0,216.0,258.0,1.0,258.0,253.0,1.0,250.0,353.0,1.0,249.0,469.0,1.0,149.0,146.0,1.0,173.0,135.0,1.0,227.0,93.0,1.0,315.0,125.0,1.0,363.0,206.0,1.0,392.0,259.0,1.0,sports,17
2292,840,288,953,456,4.859214751377017,972.0,867.0,0.0,944.0,515.0,1.0,922.0297,448.8578,0.0,870.9703,295.1422,0.0,,,,,,,915.0,874.0,0.0,1028.0,860.0,0.0,,,,,,,876.0,330.0,1.0,755.0,366.0,1.0,890.0,512.0,1.0,998.0,518.0,1.0,1006.0,432.0,1.0,1009.0,349.0,1.0,sports,151
644,466,450,536,525,2.462194143441983,589.0,644.0,0.0,528.0,532.0,0.0,522.2868,522.5838,0.0,479.7132,452.4162,0.0,537.0,685.0,1.0,530.0,593.0,0.0,605.0,640.0,0.0,572.0,647.0,1.0,467.0,603.0,1.0,465.0,709.0,1.0,572.0,684.0,1.0,578.0,590.0,0.0,558.0,523.0,0.0,497.0,540.0,1.0,535.0,612.0,1.0,533.0,699.0,1.0,walking,940
4002,571,42,667,187,4.173585508888011,474.0,534.0,1.0,574.0,223.0,1.0,592.3514,178.7527,0.0,645.6486,50.2473,0.0,,,,,,,532.0,549.0,1.0,415.0,518.0,1.0,369.0,696.0,1.0,,,,681.0,570.0,1.0,661.0,408.0,1.0,688.0,257.0,1.0,460.0,189.0,1.0,357.0,313.0,1.0,270.0,435.0,1.0,sports,294
2120,270,140,307,190,1.4928308678480626,218.0,274.0,0.0,265.0,204.0,0.0,275.6589,186.3107,0.0,301.3411,143.6893,0.0,219.0,409.0,1.0,225.0,332.0,1.0,214.0,273.0,1.0,222.0,274.0,0.0,239.0,331.0,1.0,234.0,403.0,1.0,285.0,284.0,1.0,271.0,255.0,1.0,260.0,211.0,1.0,269.0,197.0,0.0,274.0,245.0,0.0,280.0,284.0,0.0,sports,144
5231,677,95,720,155,1.7716162112602152,699.0,291.0,1.0,693.0,180.0,1.0,695.562,154.3804,0.0,701.438,95.6196,0.0,716.0,465.0,0.0,719.0,382.0,0.0,718.0,287.0,1.0,679.0,295.0,1.0,692.0,365.0,1.0,667.0,438.0,1.0,763.0,293.0,1.0,740.0,241.0,1.0,732.0,175.0,1.0,653.0,184.0,1.0,641.0,242.0,1.0,640.0,287.0,1.0,walking,558
2061,946,274,1088,435,5.15218012107496,743.0,673.0,1.0,941.0,412.0,0.0,948.5211,406.3097,0.0,1085.4789,302.6903,0.0,507.0,919.0,0.0,659.0,783.0,1.0,764.0,693.0,1.0,721.0,652.0,1.0,538.0,714.0,1.0,457.0,913.0,1.0,770.0,277.0,1.0,801.0,345.0,1.0,966.0,395.0,0.0,916.0,429.0,1.0,752.0,370.0,1.0,752.0,265.0,1.0,sports,135
10976,576,113,647,210,2.8849956672411134,624.0,398.0,1.0,617.0,253.0,1.0,614.385,209.4966,0.0,608.615,113.5034,0.0,433.0,657.0,1.0,510.0,519.0,1.0,592.0,399.0,1.0,656.0,397.0,1.0,745.0,530.0,1.0,794.0,654.0,1.0,550.0,346.0,1.0,527.0,322.0,1.0,541.0,256.0,1.0,693.0,250.0,1.0,725.0,310.0,1.0,697.0,345.0,1.0,sports,772
653,305,7,446,189,5.5254755451454125,,,,381.0,232.0,1.0,379.2767,190.0138,0.0,371.7233,5.9862,0.0,,,,,,,,,,,,,,,,,,,155.0,157.0,1.0,76.0,285.0,1.0,278.0,219.0,1.0,483.0,245.0,1.0,648.0,322.0,1.0,591.0,175.0,1.0,walking,940
2314,860,18,919,117,2.765941431050195,849.0,276.0,1.0,863.0,123.0,1.0,869.6368,109.1002,0.0,909.3632,25.8998,0.0,831.0,498.0,1.0,824.0,405.0,1.0,809.0,274.0,1.0,888.0,278.0,1.0,882.0,407.0,1.0,882.0,480.0,1.0,846.0,276.0,1.0,797.0,203.0,1.0,802.0,94.0,1.0,924.0,152.0,1.0,915.0,245.0,1.0,920.0,329.0,1.0,sports,152
1755,311,1,368,72,2.185186490897287,276.0,209.0,1.0,324.0,86.0,1.0,328.6169,71.2557,0.0,350.3831,1.7443,0.0,342.0,465.0,1.0,340.0,324.0,1.0,262.0,206.0,1.0,289.0,211.0,1.0,239.0,361.0,1.0,157.0,391.0,1.0,237.0,99.0,0.0,249.0,119.0,0.0,292.0,54.0,1.0,355.0,118.0,1.0,325.0,201.0,1.0,381.0,213.0,1.0,sports,114
2829,546,77,626,187,3.2643529220965064,608.0,363.0,0.0,566.0,215.0,0.0,573.2549,184.892,0.0,598.7451,79.108,0.0,620.0,544.0,1.0,666.0,442.0,0.0,591.0,396.0,0.0,625.0,329.0,0.0,712.0,354.0,1.0,627.0,388.0,0.0,635.0,427.0,1.0,560.0,352.0,1.0,552.0,236.0,1.0,579.0,194.0,0.0,612.0,263.0,0.0,652.0,296.0,1.0,bicycling,200
5233,630,134,672,187,1.6229750460188843,653.0,324.0,1.0,651.0,210.0,1.0,651.0,187.5496,0.0,651.0,133.4504,0.0,675.0,487.0,1.0,678.0,402.0,1.0,674.0,323.0,1.0,632.0,324.0,1.0,630.0,418.0,0.0,622.0,482.0,0.0,707.0,322.0,1.0,695.0,269.0,1.0,690.0,211.0,1.0,612.0,209.0,1.0,589.0,265.0,1.0,587.0,321.0,1.0,walking,558
6579,479,208,534,266,1.918349290405686,438.0,360.0,0.0,486.0,272.0,0.0,490.341,264.5885,0.0,522.659,209.4115,0.0,423.0,402.0,1.0,532.0,414.0,1.0,451.0,346.0,1.0,424.0,373.0,0.0,506.0,458.0,1.0,545.0,559.0,1.0,633.0,223.0,1.0,585.0,244.0,1.0,513.0,263.0,1.0,459.0,281.0,0.0,412.0,319.0,1.0,420.0,326.0,1.0,sports,350
1896,347,86,379,134,1.384531689778172,373.0,245.0,1.0,369.0,155.0,1.0,366.0497,132.8731,0.0,359.9503,87.1269,0.0,364.0,368.0,1.0,359.0,319.0,1.0,349.0,246.0,1.0,396.0,243.0,1.0,378.0,317.0,1.0,375.0,372.0,1.0,337.0,261.0,1.0,337.0,206.0,1.0,337.0,159.0,1.0,400.0,151.0,1.0,405.0,203.0,1.0,411.0,251.0,1.0,sports,127
2124,328,99,371,154,1.675536928867878,283.0,252.0,1.0,321.0,152.0,1.0,328.6887,145.1207,0.0,370.3113,107.8793,0.0,283.0,393.0,1.0,314.0,317.0,1.0,299.0,251.0,1.0,267.0,252.0,1.0,289.0,320.0,1.0,305.0,390.0,0.0,332.0,146.0,0.0,347.0,178.0,0.0,347.0,165.0,1.0,294.0,139.0,1.0,313.0,151.0,0.0,333.0,146.0,0.0,sports,144
7552,480,58,560,183,3.561797299117399,604.0,316.0,1.0,543.0,158.0,1.0,551.0368,171.1035,0.0,488.9632,69.8965,0.0,483.0,647.0,1.0,553.0,520.0,1.0,573.0,318.0,1.0,635.0,314.0,1.0,675.0,496.0,1.0,678.0,653.0,1.0,549.0,338.0,1.0,520.0,283.0,1.0,483.0,189.0,1.0,602.0,127.0,1.0,609.0,234.0,1.0,582.0,332.0,1.0,sports,447
1666,594,5,643,71,1.9728233575259595,653.0,225.0,1.0,620.0,96.0,1.0,619.3501,70.8694,0.0,617.6499,5.1306,0.0,738.0,391.0,1.0,761.0,282.0,1.0,675.0,220.0,1.0,631.0,229.0,1.0,672.0,255.0,0.0,686.0,346.0,0.0,682.0,158.0,0.0,712.0,156.0,1.0,665.0,79.0,1.0,574.0,113.0,1.0,586.0,184.0,1.0,638.0,157.0,0.0,sports,109
7371,548,24,646,148,3.793214995225027,692.0,307.0,1.0,629.0,142.0,0.0,628.366,140.8905,0.0,565.634,31.1095,0.0,861.0,547.0,1.0,807.0,406.0,1.0,741.0,303.0,1.0,642.0,311.0,1.0,452.0,402.0,1.0,400.0,590.0,1.0,710.0,415.0,0.0,725.0,266.0,0.0,702.0,152.0,0.0,555.0,131.0,1.0,441.0,262.0,1.0,359.0,363.0,1.0,sports,435
4536,881,246,926,321,2.0991426821443078,894.0,541.0,1.0,896.0,366.0,0.0,900.3325,318.342,0.0,906.6675,248.658,0.0,918.0,717.0,0.0,859.0,675.0,1.0,863.0,544.0,1.0,924.0,537.0,1.0,905.0,655.0,1.0,933.0,780.0,1.0,899.0,537.0,0.0,891.0,451.0,0.0,872.0,373.0,0.0,920.0,358.0,1.0,891.0,465.0,1.0,861.0,474.0,1.0,sports,331
4306,899,75,1018,245,4.980274691219351,908.0,539.0,0.0,869.0,270.0,0.0,906.1139,224.3852,0.0,1010.8861,95.6148,0.0,1426.0,606.0,1.0,1138.0,516.0,1.0,899.0,524.0,1.0,917.0,554.0,0.0,1013.0,806.0,1.0,905.0,1074.0,1.0,734.0,574.0,1.0,757.0,414.0,1.0,824.0,257.0,1.0,914.0,283.0,0.0,911.0,420.0,0.0,896.0,539.0,0.0,sports,65
4468,482,482,531,554,2.0902057315010887,592.0,582.0,1.0,512.0,554.0,0.0,511.7612,552.4372,0.0,501.2388,483.5628,0.0,526.0,371.0,1.0,546.0,460.0,1.0,576.0,593.0,1.0,607.0,570.0,1.0,618.0,463.0,1.0,703.0,440.0,1.0,490.0,570.0,1.0,494.0,601.0,1.0,474.0,569.0,1.0,549.0,538.0,0.0,573.0,581.0,0.0,671.0,590.0,1.0,sports,328
4005,893,396,935,457,1.7774588602834107,802.0,556.0,0.0,899.0,459.0,1.0,901.5857,453.3977,0.0,926.4143,399.6023,0.0,630.0,632.0,1.0,739.0,646.0,1.0,814.0,559.0,1.0,790.0,553.0,0.0,820.0,654.0,1.0,820.0,765.0,1.0,957.0,473.0,0.0,949.0,471.0,0.0,943.0,471.0,1.0,854.0,447.0,1.0,798.0,469.0,1.0,739.0,511.0,1.0,sports,294
7831,1081,301,1145,381,2.458799707174214,1110.0,511.0,0.0,1124.0,396.0,1.0,1121.0368,381.1842,0.0,1104.9632,300.8158,0.0,1052.0,653.0,0.0,1042.0,527.0,0.0,1078.0,499.0,1.0,1141.0,523.0,0.0,1175.0,641.0,1.0,1188.0,740.0,1.0,983.0,468.0,1.0,1023.0,432.0,1.0,1076.0,392.0,1.0,1171.0,400.0,1.0,1211.0,449.0,1.0,1221.0,493.0,1.0,bicycling,840
8906,542,198,613,280,2.603198033189177,628.0,410.0,1.0,587.0,276.0,0.0,588.2898,281.0236,0.0,566.7102,196.9764,0.0,583.0,601.0,1.0,579.0,497.0,1.0,605.0,410.0,1.0,651.0,410.0,1.0,647.0,486.0,1.0,658.0,598.0,1.0,647.0,267.0,1.0,607.0,317.0,1.0,561.0,289.0,1.0,612.0,262.0,0.0,669.0,293.0,0.0,677.0,307.0,0.0,sports,585
7364,1142,324,1242,459,4.032071427938746,1106.0,673.0,0.0,1186.0,475.0,0.0,1187.1836,458.5284,0.0,1196.8164,324.4716,0.0,1189.0,992.0,1.0,1222.0,812.0,1.0,1117.0,680.0,1.0,1095.0,666.0,0.0,1076.0,810.0,1.0,975.0,930.0,1.0,1318.0,378.0,1.0,1251.0,426.0,1.0,1141.0,464.0,1.0,1230.0,486.0,0.0,1280.0,455.0,0.0,1330.0,419.0,0.0,sports,435
6671,845,181,1010,375,6.1122774806122795,1245.0,524.0,0.0,1028.0,277.0,0.0,1029.3662,276.9864,0.0,825.6338,279.0136,0.0,1146.0,997.0,0.0,1180.0,798.0,0.0,1257.0,519.0,0.0,1232.0,528.0,1.0,1208.0,897.0,1.0,,,,922.0,494.0,1.0,1065.0,398.0,0.0,1080.0,234.0,0.0,975.0,320.0,1.0,1053.0,513.0,1.0,987.0,590.0,1.0,walking,366
5242,349,76,404,143,2.080399961545856,386.0,286.0,0.0,374.0,183.0,1.0,375.3213,144.1533,0.0,377.6787,74.8467,0.0,430.0,456.0,1.0,426.0,369.0,1.0,406.0,284.0,0.0,365.0,288.0,1.0,365.0,390.0,1.0,350.0,475.0,1.0,474.0,299.0,1.0,434.0,235.0,1.0,412.0,179.0,1.0,335.0,186.0,1.0,339.0,244.0,1.0,386.0,259.0,0.0,walking,558
671,251,34,301,96,1.9115815441670279,312.0,205.0,0.0,288.0,111.0,0.0,284.0421,95.828,0.0,267.9579,34.172,0.0,298.0,372.0,0.0,277.0,321.0,0.0,291.0,207.0,0.0,333.0,203.0,1.0,288.0,285.0,1.0,313.0,358.0,1.0,229.0,158.0,1.0,261.0,160.0,1.0,273.0,110.0,0.0,302.0,111.0,1.0,300.0,156.0,1.0,253.0,137.0,1.0,walking,56
2075,356,85,392,145,1.6793141457154463,353.0,195.0,1.0,376.0,140.0,1.0,376.232,142.8994,0.0,371.768,87.1006,0.0,318.0,313.0,1.0,328.0,247.0,1.0,339.0,194.0,1.0,366.0,195.0,1.0,380.0,250.0,0.0,373.0,318.0,0.0,320.0,181.0,1.0,306.0,171.0,1.0,341.0,132.0,1.0,411.0,148.0,1.0,421.0,176.0,1.0,425.0,195.0,1.0,bicycling,840
8830,813,185,927,324,4.314463118396077,763.0,537.0,0.0,810.0,383.0,0.0,839.5774,319.6551,0.0,900.4226,189.3449,0.0,708.0,856.0,1.0,834.0,639.0,0.0,735.0,557.0,0.0,790.0,516.0,0.0,,,,749.0,835.0,0.0,723.0,542.0,1.0,667.0,413.0,1.0,785.0,381.0,1.0,834.0,384.0,0.0,744.0,436.0,0.0,834.0,516.0,0.0,dancing,580
6394,507,19,620,173,4.58425130201214,863.0,311.0,0.0,647.0,123.0,0.0,636.1981,119.5072,0.0,490.8019,72.4928,0.0,679.0,582.0,1.0,625.0,398.0,1.0,890.0,299.0,0.0,836.0,322.0,1.0,685.0,520.0,1.0,814.0,694.0,1.0,425.0,369.0,0.0,545.0,303.0,0.0,642.0,111.0,0.0,652.0,135.0,1.0,539.0,295.0,1.0,427.0,369.0,1.0,bicycling,780
7671,467,160,539,265,3.055549705044904,726.0,255.0,0.0,561.0,231.0,0.0,551.5175,227.9754,0.0,454.4825,197.0246,0.0,717.0,498.0,1.0,657.0,376.0,1.0,713.0,255.0,0.0,739.0,254.0,1.0,690.0,400.0,1.0,819.0,456.0,1.0,559.0,376.0,1.0,615.0,320.0,0.0,562.0,235.0,0.0,559.0,227.0,1.0,642.0,267.0,1.0,601.0,344.0,1.0,bicycling,454
2084,280,96,313,147,1.4578888846547942,302.0,211.0,0.0,299.0,139.0,1.0,299.9363,145.5539,0.0,293.0637,97.4461,0.0,266.0,308.0,1.0,268.0,231.0,1.0,279.0,201.0,1.0,325.0,221.0,0.0,308.0,256.0,1.0,309.0,327.0,1.0,235.0,194.0,1.0,249.0,178.0,1.0,272.0,135.0,1.0,326.0,143.0,1.0,336.0,193.0,1.0,321.0,217.0,1.0,bicycling,840
1064,707,77,818,209,4.139217317319785,907.0,382.0,0.0,817.0,217.0,0.0,803.4102,198.5478,0.0,721.5898,87.4522,0.0,861.0,636.0,1.0,770.0,520.0,0.0,917.0,384.0,0.0,896.0,379.0,1.0,762.0,518.0,1.0,824.0,702.0,1.0,733.0,373.0,1.0,822.0,342.0,0.0,820.0,210.0,0.0,814.0,224.0,1.0,867.0,353.0,1.0,781.0,421.0,1.0,sports,110
6649,759,0,840,79,2.7155021635049383,786.0,340.0,1.0,781.0,106.0,1.0,787.37,83.1025,0.0,811.63,-4.1025,0.0,,,,831.0,506.0,1.0,826.0,329.0,1.0,745.0,350.0,1.0,766.0,555.0,1.0,,,,844.0,221.0,0.0,872.0,222.0,1.0,845.0,102.0,1.0,716.0,109.0,1.0,736.0,175.0,0.0,791.0,183.0,0.0,walking,366
6867,459,198,507,263,1.9392534646095132,494.0,348.0,1.0,500.0,253.0,0.0,502.4841,256.2878,0.0,463.5159,204.7122,0.0,494.0,472.0,1.0,486.0,424.0,1.0,510.0,352.0,1.0,477.0,343.0,1.0,434.0,408.0,1.0,432.0,477.0,1.0,478.0,330.0,0.0,507.0,304.0,0.0,515.0,256.0,0.0,485.0,250.0,1.0,527.0,278.0,1.0,555.0,328.0,1.0,sports,385
7071,276,26,316,87,1.750684437584341,307.0,216.0,1.0,297.0,111.0,1.0,296.5353,85.6732,0.0,295.4647,27.3268,0.0,294.0,399.0,1.0,293.0,317.0,1.0,285.0,215.0,1.0,328.0,216.0,1.0,316.0,314.0,1.0,316.0,400.0,1.0,253.0,238.0,1.0,258.0,173.0,1.0,261.0,112.0,1.0,333.0,110.0,1.0,341.0,173.0,1.0,352.0,229.0,1.0,walking,410
1664,344,46,384,100,1.6128285711754984,376.0,195.0,0.0,354.0,111.0,0.0,357.1591,98.9954,0.0,370.8409,47.0046,0.0,409.0,344.0,1.0,422.0,254.0,1.0,364.0,197.0,1.0,387.0,192.0,0.0,443.0,233.0,0.0,425.0,327.0,0.0,413.0,185.0,1.0,351.0,162.0,1.0,344.0,112.0,1.0,364.0,109.0,0.0,394.0,151.0,0.0,427.0,176.0,1.0,sports,109
4000,498,213,556,300,2.5094636877229366,354.0,364.0,1.0,473.0,269.0,1.0,486.253,265.9322,0.0,567.747,247.0678,0.0,152.0,498.0,1.0,293.0,546.0,1.0,385.0,376.0,1.0,322.0,351.0,1.0,369.0,565.0,1.0,385.0,692.0,1.0,613.0,376.0,1.0,585.0,387.0,1.0,528.0,293.0,1.0,417.0,245.0,1.0,340.0,272.0,1.0,249.0,304.0,1.0,sports,294
6459,857,252,1058,539,8.409252047596146,,,,988.0,637.0,1.0,975.0611,534.5497,0.0,939.9389,256.4503,0.0,,,,,,,,,,,,,,,,,,,897.0,863.0,1.0,640.0,1037.0,1.0,752.0,668.0,1.0,1223.0,606.0,1.0,1360.0,829.0,1.0,1294.0,907.0,1.0,running,307
